SEASON_ID,TEAM_ID,TEAM_ABBREVIATION,TEAM_NAME,GAME_ID,GAME_DATE,MATCHUP,WL,MIN,FGM,FGA,FG_PCT,FG3M,FG3A,FG3_PCT,FTM,FTA,FT_PCT,OREB,DREB,REB,AST,STL,BLK,TOV,PF,PTS,PLUS_MINUS,VIDEO_AVAILABLE
22018,1610612744,GSW,Golden State Warriors,0021800002,2018-10-16,GSW vs. OKC,W,240,42,95,0.442,7,26,0.269,17,18,0.944,17,41,58,28,7,7,21,29,108,8,1
22018,1610612760,OKC,Oklahoma City Thunder,0021800002,2018-10-16,OKC @ GSW,L,240,33,91,0.363,10,37,0.27,24,37,0.649,16,29,45,21,12,6,15,21,100,-8,1
22018,1610612738,BOS,Boston Celtics,0021800001,2018-10-16,BOS vs. PHI,W,240,42,97,0.433,11,37,0.297,10,14,0.714,12,43,55,21,7,5,15,20,105,18,1
22018,1610612755,PHI,Philadelphia 76ers,0021800001,2018-10-16,PHI @ BOS,L,240,34,87,0.391,5,26,0.192,14,23,0.609,6,41,47,18,8,5,16,20,87,-18,1
22018,1610612750,MIN,Minnesota Timberwolves,0021800010,2018-10-17,MIN @ SAS,L,240,39,91,0.429,6,19,0.316,24,27,0.889,14,32,46,20,9,2,11,27,108,-4,2
22018,1610612759,SAS,San Antonio Spurs,0021800010,2018-10-17,SAS vs. MIN,W,240,40,93,0.43,11,25,0.44,21,29,0.724,19,33,52,22,3,4,12,22,112,4,2
22018,1610612752,NYK,New York Knicks,0021800007,2018-10-17,NYK vs. ATL,W,240,45,99,0.455,12,33,0.364,24,31,0.774,10,36,46,21,12,6,16,23,126,19,2
22018,1610612737,ATL,Atlanta Hawks,0021800007,2018-10-17,ATL @ NYK,L,240,41,90,0.456,10,36,0.278,15,18,0.833,7,38,45,19,7,3,24,30,107,-19,2
22018,1610612742,DAL,Dallas Mavericks,0021800013,2018-10-17,DAL @ PHX,L,240,38,88,0.432,10,33,0.303,14,20,0.7,10,28,38,28,7,5,9,16,100,-21,2
22018,1610612756,PHX,Phoenix Suns,0021800013,2018-10-17,PHX vs. DAL,W,240,44,81,0.543,19,34,0.559,14,16,0.875,6,38,44,35,5,2,12,22,121,21,2
22018,1610612740,NOP,New Orleans Pelicans,0021800009,2018-10-17,NOP @ HOU,W,240,52,98,0.531,10,25,0.4,17,22,0.773,14,40,54,36,8,3,12,25,131,19,2
22018,1610612745,HOU,Houston Rockets,0021800009,2018-10-17,HOU vs. NOP,L,240,39,92,0.424,16,48,0.333,18,24,0.75,8,29,37,21,8,7,12,22,112,-19,2
22018,1610612765,DET,Detroit Pistons,0021800004,2018-10-17,DET vs. BKN,W,240,39,92,0.424,6,24,0.25,19,22,0.864,14,32,46,21,5,5,17,20,103,3,2
22018,1610612751,BKN,Brooklyn Nets,0021800004,2018-10-17,BKN @ DET,L,240,40,82,0.488,5,27,0.185,15,22,0.682,5,34,39,28,9,5,19,23,100,-3,2
22018,1610612748,MIA,Miami Heat,0021800006,2018-10-17,MIA @ ORL,L,240,38,97,0.392,9,33,0.273,16,22,0.727,14,38,52,16,4,5,17,28,101,-3,2
22018,1610612753,ORL,Orlando Magic,0021800006,2018-10-17,ORL vs. MIA,W,240,39,94,0.415,7,25,0.28,19,31,0.613,14,37,51,20,7,7,12,25,104,3,2
22018,1610612746,LAC,LA Clippers,0021800012,2018-10-17,LAC vs. DEN,L,240,35,88,0.398,8,28,0.286,20,24,0.833,9,38,47,21,3,9,14,32,98,-9,2
22018,1610612743,DEN,Denver Nuggets,0021800012,2018-10-17,DEN @ LAC,W,240,33,87,0.379,8,24,0.333,33,42,0.786,14,42,56,20,6,9,11,22,107,9,2
22018,1610612754,IND,Indiana Pacers,0021800005,2018-10-17,IND vs. MEM,W,240,47,83,0.566,10,26,0.385,7,13,0.538,13,44,57,29,2,7,20,24,111,28,2
22018,1610612763,MEM,Memphis Grizzlies,0021800005,2018-10-17,MEM @ IND,L,240,25,84,0.298,10,29,0.345,23,28,0.821,7,21,28,16,11,3,10,18,83,-28,2
22018,1610612749,MIL,Milwaukee Bucks,0021800003,2018-10-17,MIL @ CHA,W,240,42,85,0.494,14,34,0.412,15,20,0.75,11,46,57,26,5,4,21,25,113,1,2
22018,1610612766,CHA,Charlotte Hornets,0021800003,2018-10-17,CHA vs. MIL,L,240,41,92,0.446,16,38,0.421,14,22,0.636,9,32,41,21,8,9,11,19,112,-1,2
22018,1610612762,UTA,Utah Jazz,0021800011,2018-10-17,UTA @ SAC,W,240,41,79,0.519,13,27,0.481,28,38,0.737,5,39,44,21,8,4,17,19,123,6,2
22018,1610612758,SAC,Sacramento Kings,0021800011,2018-10-17,SAC vs. UTA,L,240,49,95,0.516,7,19,0.368,12,18,0.667,5,32,37,17,8,3,9,27,117,-6,2
22018,1610612761,TOR,Toronto Raptors,0021800008,2018-10-17,TOR vs. CLE,W,240,45,92,0.489,14,33,0.424,12,20,0.6,8,35,43,21,6,7,10,29,116,12,2
22018,1610612739,CLE,Cleveland Cavaliers,0021800008,2018-10-17,CLE @ TOR,L,240,34,85,0.4,7,19,0.368,29,39,0.744,14,35,49,17,4,0,16,25,104,-12,2
22018,1610612741,CHI,Chicago Bulls,0021800014,2018-10-18,CHI @ PHI,L,240,44,101,0.436,11,33,0.333,9,12,0.75,5,34,39,28,4,6,12,23,108,-19,2
22018,1610612755,PHI,Philadelphia 76ers,0021800014,2018-10-18,PHI vs. CHI,W,240,44,93,0.473,12,36,0.333,27,30,0.9,11,44,55,30,10,8,13,17,127,19,2
22018,1610612757,POR,Portland Trail Blazers,0021800016,2018-10-18,POR vs. LAL,W,240,44,100,0.44,13,37,0.351,27,29,0.931,14,40,54,21,9,10,17,26,128,9,1
22018,1610612747,LAL,Los Angeles Lakers,0021800016,2018-10-18,LAL @ POR,L,240,45,93,0.484,7,30,0.233,22,29,0.759,8,38,46,23,10,6,15,26,119,-9,1
22018,1610612748,MIA,Miami Heat,0021800015,2018-10-18,MIA @ WAS,W,240,38,97,0.392,12,35,0.343,25,34,0.735,22,33,55,25,6,5,19,26,113,1,1
22018,1610612764,WAS,Washington Wizards,0021800015,2018-10-18,WAS vs. MIA,L,240,38,81,0.469,7,26,0.269,29,39,0.744,7,33,40,19,7,15,14,31,112,-1,1
22018,1610612751,BKN,Brooklyn Nets,0021800018,2018-10-19,BKN vs. NYK,W,240,37,75,0.493,12,30,0.4,21,24,0.875,12,43,55,22,2,6,22,23,107,2,2
22018,1610612752,NYK,New York Knicks,0021800018,2018-10-19,NYK @ BKN,L,240,39,97,0.402,9,28,0.321,18,20,0.9,12,24,36,14,10,1,3,19,105,-2,2
22018,1610612753,ORL,Orlando Magic,0021800017,2018-10-19,ORL vs. CHA,L,240,36,94,0.383,6,31,0.194,10,14,0.714,12,32,44,18,8,7,18,16,88,-32,2
22018,1610612766,CHA,Charlotte Hornets,0021800017,2018-10-19,CHA @ ORL,W,240,43,92,0.467,17,38,0.447,17,20,0.85,12,43,55,32,6,4,16,17,120,32,2
22018,1610612746,LAC,LA Clippers,0021800025,2018-10-19,LAC vs. OKC,W,240,35,81,0.432,11,26,0.423,27,36,0.75,10,38,48,21,3,3,15,24,108,16,1
22018,1610612760,OKC,Oklahoma City Thunder,0021800025,2018-10-19,OKC @ LAC,L,240,34,95,0.358,7,33,0.212,17,23,0.739,15,37,52,18,5,4,13,29,92,-16,1
22018,1610612762,UTA,Utah Jazz,0021800024,2018-10-19,UTA vs. GSW,L,240,40,89,0.449,19,46,0.413,24,29,0.828,10,28,38,24,11,4,17,19,123,-1,2
22018,1610612744,GSW,Golden State Warriors,0021800024,2018-10-19,GSW @ UTA,W,240,49,87,0.563,10,19,0.526,16,18,0.889,8,35,43,27,10,6,16,23,124,1,2
22018,1610612749,MIL,Milwaukee Bucks,0021800023,2018-10-19,MIL vs. IND,W,240,44,93,0.473,17,46,0.37,13,21,0.619,11,39,50,27,9,8,17,26,118,17,2
22018,1610612754,IND,Indiana Pacers,0021800023,2018-10-19,IND @ MIL,L,240,38,87,0.437,6,18,0.333,19,27,0.704,9,32,41,14,7,3,17,25,101,-17,2
22018,1610612750,MIN,Minnesota Timberwolves,0021800021,2018-10-19,MIN vs. CLE,W,240,44,87,0.506,10,25,0.4,33,35,0.943,9,31,40,28,9,7,14,21,131,8,2
22018,1610612739,CLE,Cleveland Cavaliers,0021800021,2018-10-19,CLE @ MIN,L,240,45,93,0.484,8,23,0.348,25,29,0.862,13,30,43,26,5,2,14,24,123,-8,2
22018,1610612738,BOS,Boston Celtics,0021800019,2018-10-19,BOS @ TOR,L,240,40,99,0.404,14,36,0.389,7,10,0.7,16,33,49,29,4,6,16,27,101,-12,2
22018,1610612761,TOR,Toronto Raptors,0021800019,2018-10-19,TOR vs. BOS,W,240,43,92,0.467,13,35,0.371,14,19,0.737,12,37,49,24,3,3,13,19,113,12,2
22018,1610612737,ATL,Atlanta Hawks,0021800020,2018-10-19,ATL @ MEM,L,240,41,83,0.494,14,30,0.467,21,36,0.583,11,29,40,27,9,5,19,31,117,-14,2
22018,1610612763,MEM,Memphis Grizzlies,0021800020,2018-10-19,MEM vs. ATL,W,240,44,81,0.543,13,26,0.5,30,43,0.698,7,34,41,32,9,4,17,29,131,14,2
22018,1610612758,SAC,Sacramento Kings,0021800022,2018-10-19,SAC @ NOP,L,240,50,96,0.521,10,25,0.4,19,26,0.731,9,30,39,24,6,2,13,26,129,-20,2
22018,1610612740,NOP,New Orleans Pelicans,0021800022,2018-10-19,NOP vs. SAC,W,240,56,95,0.589,16,31,0.516,21,33,0.636,12,40,52,35,6,4,16,25,149,20,2
22018,1610612741,CHI,Chicago Bulls,0021800031,2018-10-20,CHI vs. DET,L,240,44,87,0.506,7,21,0.333,21,26,0.808,5,36,41,26,4,3,11,20,116,-2,2
22018,1610612765,DET,Detroit Pistons,0021800031,2018-10-20,DET @ CHI,W,240,41,101,0.406,18,40,0.45,18,23,0.783,18,31,49,21,4,4,10,23,118,2,2
22018,1610612755,PHI,Philadelphia 76ers,0021800029,2018-10-20,PHI vs. ORL,W,240,45,94,0.479,17,33,0.515,9,10,0.9,13,33,46,33,8,3,10,21,116,1,2
22018,1610612753,ORL,Orlando Magic,0021800029,2018-10-20,ORL @ PHI,L,240,41,90,0.456,16,29,0.552,17,22,0.773,14,35,49,31,7,7,16,15,115,-1,2
22018,1610612745,HOU,Houston Rockets,0021800035,2018-10-20,HOU @ LAL,W,240,44,96,0.458,16,42,0.381,20,30,0.667,13,41,54,22,7,4,18,21,124,9,2
22018,1610612747,LAL,Los Angeles Lakers,0021800035,2018-10-20,LAL vs. HOU,L,240,48,100,0.48,8,32,0.25,11,18,0.611,9,35,44,28,8,10,11,21,115,-9,2
22018,1610612752,NYK,New York Knicks,0021800028,2018-10-20,NYK vs. BOS,L,240,36,87,0.414,12,35,0.343,17,27,0.63,11,35,46,23,8,1,16,25,101,-2,2
22018,1610612738,BOS,Boston Celtics,0021800028,2018-10-20,BOS @ NYK,W,240,33,82,0.402,9,25,0.36,28,33,0.848,11,36,47,21,8,2,15,26,103,2,2
22018,1610612766,CHA,Charlotte Hornets,0021800030,2018-10-20,CHA @ MIA,W,240,41,93,0.441,16,42,0.381,15,23,0.652,12,28,40,23,6,12,12,27,113,1,2
22018,1610612748,MIA,Miami Heat,0021800030,2018-10-20,MIA vs. CHA,L,240,41,89,0.461,11,34,0.324,19,27,0.704,12,37,49,21,4,11,16,27,112,-1,2
22018,1610612757,POR,Portland Trail Blazers,0021800034,2018-10-20,POR vs. SAS,W,240,45,84,0.536,15,32,0.469,16,19,0.842,8,38,46,24,5,3,12,14,121,13,2
22018,1610612759,SAS,San Antonio Spurs,0021800034,2018-10-20,SAS @ POR,L,240,42,100,0.42,13,30,0.433,11,14,0.786,15,25,40,29,5,4,6,17,108,-13,2
22018,1610612751,BKN,Brooklyn Nets,0021800026,2018-10-20,BKN @ IND,L,240,41,86,0.477,16,37,0.432,14,22,0.636,9,31,40,25,6,6,20,18,112,-20,2
22018,1610612754,IND,Indiana Pacers,0021800026,2018-10-20,IND vs. BKN,W,240,51,92,0.554,16,24,0.667,14,22,0.636,10,30,40,21,12,5,11,18,132,20,2
22018,1610612750,MIN,Minnesota Timberwolves,0021800032,2018-10-20,MIN @ DAL,L,240,44,84,0.524,14,27,0.519,34,40,0.85,6,27,33,23,10,3,17,30,136,-4,2
22018,1610612742,DAL,Dallas Mavericks,0021800032,2018-10-20,DAL vs. MIN,W,240,49,98,0.5,17,50,0.34,25,34,0.735,15,27,42,29,8,8,16,28,140,4,2
22018,1610612756,PHX,Phoenix Suns,0021800033,2018-10-20,PHX @ DEN,L,240,29,77,0.377,11,39,0.282,22,35,0.629,10,30,40,20,6,4,19,26,91,-28,2
22018,1610612743,DEN,Denver Nuggets,0021800033,2018-10-20,DEN vs. PHX,W,240,43,85,0.506,9,28,0.321,24,29,0.828,9,45,54,28,12,6,18,31,119,28,2
22018,1610612761,TOR,Toronto Raptors,0021800027,2018-10-20,TOR @ WAS,W,240,39,88,0.443,10,29,0.345,29,36,0.806,14,38,52,21,5,5,17,29,117,4,2
22018,1610612764,WAS,Washington Wizards,0021800027,2018-10-20,WAS vs. TOR,L,240,37,89,0.416,13,39,0.333,26,32,0.813,9,28,37,20,11,9,11,27,113,-4,2
22018,1610612737,ATL,Atlanta Hawks,0021800036,2018-10-21,ATL @ CLE,W,240,48,98,0.49,22,47,0.468,15,19,0.789,9,35,44,32,9,7,12,21,133,22,1
22018,1610612739,CLE,Cleveland Cavaliers,0021800036,2018-10-21,CLE vs. ATL,L,240,46,99,0.465,10,27,0.37,9,14,0.643,15,34,49,23,5,2,18,25,111,-22,1
22018,1610612746,LAC,LA Clippers,0021800039,2018-10-21,LAC vs. HOU,W,240,42,89,0.472,5,25,0.2,26,26,1.0,12,37,49,22,8,7,13,16,115,3,1
22018,1610612745,HOU,Houston Rockets,0021800039,2018-10-21,HOU @ LAC,L,240,43,89,0.483,15,35,0.429,11,15,0.733,6,29,35,28,6,6,12,23,112,-3,1
22018,1610612743,DEN,Denver Nuggets,0021800038,2018-10-21,DEN vs. GSW,W,240,35,86,0.407,6,32,0.188,24,42,0.571,13,34,47,21,11,4,10,22,100,2,2
22018,1610612744,GSW,Golden State Warriors,0021800038,2018-10-21,GSW @ DEN,L,240,36,79,0.456,7,29,0.241,19,24,0.792,6,34,40,22,4,6,19,29,98,-2,2
22018,1610612760,OKC,Oklahoma City Thunder,0021800037,2018-10-21,OKC vs. SAC,L,240,46,104,0.442,9,39,0.231,19,30,0.633,18,33,51,23,11,9,18,29,120,-11,1
22018,1610612758,SAC,Sacramento Kings,0021800037,2018-10-21,SAC @ OKC,W,240,50,91,0.549,10,22,0.455,21,28,0.75,12,34,46,28,11,7,20,26,131,11,1
22018,1610612744,GSW,Golden State Warriors,0021800047,2018-10-22,GSW vs. PHX,W,240,45,88,0.511,14,37,0.378,19,26,0.731,7,33,40,35,12,4,14,24,123,20,1
22018,1610612756,PHX,Phoenix Suns,0021800047,2018-10-22,PHX @ GSW,L,240,39,86,0.453,9,34,0.265,16,18,0.889,12,33,45,24,8,1,21,21,103,-20,1
22018,1610612747,LAL,Los Angeles Lakers,0021800048,2018-10-22,LAL vs. SAS,L,265,55,107,0.514,14,39,0.359,18,26,0.692,13,39,52,33,5,6,15,29,142,-1,1
22018,1610612759,SAS,San Antonio Spurs,0021800048,2018-10-22,SAS @ LAL,W,265,50,97,0.515,15,28,0.536,28,38,0.737,10,37,47,32,9,3,9,26,143,1,1
22018,1610612753,ORL,Orlando Magic,0021800040,2018-10-22,ORL @ BOS,W,240,38,93,0.409,10,35,0.286,7,10,0.7,8,41,49,28,6,2,9,15,93,3,2
22018,1610612738,BOS,Boston Celtics,0021800040,2018-10-22,BOS vs. ORL,L,240,37,91,0.407,9,40,0.225,7,9,0.778,9,42,51,21,6,3,12,15,90,-3,2
22018,1610612764,WAS,Washington Wizards,0021800046,2018-10-22,WAS @ POR,W,265,46,110,0.418,15,37,0.405,18,26,0.692,12,42,54,23,6,7,10,27,125,1,1
22018,1610612757,POR,Portland Trail Blazers,0021800046,2018-10-22,POR vs. WAS,L,265,43,108,0.398,11,39,0.282,27,31,0.871,17,53,70,22,6,4,20,22,124,-1,1
22018,1610612742,DAL,Dallas Mavericks,0021800044,2018-10-22,DAL vs. CHI,W,240,40,93,0.43,15,47,0.319,20,21,0.952,13,28,41,25,8,2,16,16,115,6,2
22018,1610612741,CHI,Chicago Bulls,0021800044,2018-10-22,CHI @ DAL,L,240,41,80,0.513,13,23,0.565,14,21,0.667,7,27,34,18,6,4,19,29,109,-6,2
22018,1610612763,MEM,Memphis Grizzlies,0021800045,2018-10-22,MEM @ UTA,W,240,31,84,0.369,9,28,0.321,21,26,0.808,7,36,43,18,10,2,11,22,92,8,2
22018,1610612762,UTA,Utah Jazz,0021800045,2018-10-22,UTA vs. MEM,L,240,29,82,0.354,8,32,0.25,18,23,0.783,10,40,50,18,6,6,15,22,84,-8,2
22018,1610612749,MIL,Milwaukee Bucks,0021800042,2018-10-22,MIL vs. NYK,W,240,45,96,0.469,17,40,0.425,17,24,0.708,19,36,55,27,5,9,15,18,124,11,2
22018,1610612752,NYK,New York Knicks,0021800042,2018-10-22,NYK @ MIL,L,240,45,99,0.455,10,29,0.345,13,15,0.867,11,32,43,22,6,2,12,21,113,-11,2
22018,1610612754,IND,Indiana Pacers,0021800043,2018-10-22,IND @ MIN,L,240,36,92,0.391,8,26,0.308,11,16,0.688,12,33,45,18,6,6,15,24,91,-10,2
22018,1610612750,MIN,Minnesota Timberwolves,0021800043,2018-10-22,MIN vs. IND,W,240,36,85,0.424,7,33,0.212,22,24,0.917,8,39,47,24,9,12,15,17,101,10,2
22018,1610612766,CHA,Charlotte Hornets,0021800041,2018-10-22,CHA @ TOR,L,240,41,97,0.423,9,28,0.321,15,18,0.833,14,27,41,21,5,5,12,14,106,-21,2
22018,1610612761,TOR,Toronto Raptors,0021800041,2018-10-22,TOR vs. CHA,W,240,50,87,0.575,15,39,0.385,12,14,0.857,5,41,46,36,10,8,15,21,127,21,2
22018,1610612765,DET,Detroit Pistons,0021800049,2018-10-23,DET vs. PHI,W,265,51,108,0.472,12,33,0.364,19,27,0.704,12,34,46,22,4,4,8,24,133,1,1
22018,1610612755,PHI,Philadelphia 76ers,0021800049,2018-10-23,PHI @ DET,L,265,49,98,0.5,14,43,0.326,20,28,0.714,8,40,48,32,3,8,11,24,132,-1,1
22018,1610612758,SAC,Sacramento Kings,0021800051,2018-10-23,SAC @ DEN,L,240,45,86,0.523,13,31,0.419,9,20,0.45,9,30,39,29,7,6,16,17,112,-14,2
22018,1610612743,DEN,Denver Nuggets,0021800051,2018-10-23,DEN vs. SAC,W,240,51,99,0.515,11,30,0.367,13,15,0.867,15,34,49,31,11,3,12,22,126,14,2
22018,1610612746,LAC,LA Clippers,0021800050,2018-10-23,LAC @ NOP,L,240,41,87,0.471,5,20,0.25,22,27,0.815,9,38,47,18,5,4,17,26,109,-7,1
22018,1610612740,NOP,New Orleans Pelicans,0021800050,2018-10-23,NOP vs. LAC,W,240,40,93,0.43,6,24,0.25,30,40,0.75,12,36,48,22,12,8,8,24,116,7,1
22018,1610612744,GSW,Golden State Warriors,0021800062,2018-10-24,GSW vs. WAS,W,240,53,92,0.576,15,33,0.455,23,25,0.92,10,38,48,37,6,5,18,22,144,22,1
22018,1610612764,WAS,Washington Wizards,0021800062,2018-10-24,WAS @ GSW,L,240,42,93,0.452,12,42,0.286,26,28,0.929,7,27,34,22,7,1,12,24,122,-22,1
22018,1610612759,SAS,San Antonio Spurs,0021800058,2018-10-24,SAS vs. IND,L,240,35,87,0.402,6,19,0.316,20,21,0.952,15,31,46,16,3,3,13,16,96,-20,1
22018,1610612754,IND,Indiana Pacers,0021800058,2018-10-24,IND @ SAS,W,240,46,87,0.529,17,32,0.531,7,8,0.875,5,35,40,34,9,5,10,22,116,20,1
22018,1610612741,CHI,Chicago Bulls,0021800056,2018-10-24,CHI vs. CHA,W,240,37,77,0.481,10,29,0.345,28,35,0.8,9,36,45,21,4,5,14,24,112,2,2
22018,1610612766,CHA,Charlotte Hornets,0021800056,2018-10-24,CHA @ CHI,L,240,37,85,0.435,10,35,0.286,26,29,0.897,8,28,36,23,5,5,8,20,110,-2,2
22018,1610612747,LAL,Los Angeles Lakers,0021800060,2018-10-24,LAL @ PHX,W,240,52,100,0.52,10,28,0.357,17,23,0.739,11,32,43,34,13,5,8,19,131,18,1
22018,1610612756,PHX,Phoenix Suns,0021800060,2018-10-24,PHX vs. LAL,L,240,44,84,0.524,10,31,0.323,15,21,0.714,9,35,44,27,4,4,20,23,113,-18,1
22018,1610612739,CLE,Cleveland Cavaliers,0021800053,2018-10-24,CLE vs. BKN,L,240,34,89,0.382,3,18,0.167,15,16,0.938,16,37,53,18,5,2,15,19,86,-16,2
22018,1610612751,BKN,Brooklyn Nets,0021800053,2018-10-24,BKN @ CLE,W,240,38,87,0.437,14,34,0.412,12,15,0.8,8,36,44,23,8,1,14,16,102,16,2
22018,1610612748,MIA,Miami Heat,0021800054,2018-10-24,MIA vs. NYK,W,240,39,82,0.476,13,29,0.448,19,28,0.679,4,47,51,24,7,5,13,15,110,23,2
22018,1610612752,NYK,New York Knicks,0021800054,2018-10-24,NYK @ MIA,L,240,33,91,0.363,12,33,0.364,9,14,0.643,10,35,45,20,5,3,12,23,87,-23,2
22018,1610612762,UTA,Utah Jazz,0021800057,2018-10-24,UTA @ HOU,W,240,34,78,0.436,10,29,0.345,22,28,0.786,9,38,47,21,7,5,19,21,100,11,2
22018,1610612745,HOU,Houston Rockets,0021800057,2018-10-24,HOU vs. UTA,L,240,35,87,0.402,11,40,0.275,8,14,0.571,10,25,35,16,12,5,17,23,89,-11,2
22018,1610612737,ATL,Atlanta Hawks,0021800052,2018-10-24,ATL vs. DAL,W,240,37,91,0.407,15,38,0.395,22,31,0.71,10,44,54,28,6,6,15,26,111,7,2
22018,1610612742,DAL,Dallas Mavericks,0021800052,2018-10-24,DAL @ ATL,L,240,38,91,0.418,12,40,0.3,16,26,0.615,9,43,52,25,7,9,17,27,104,-7,2
22018,1610612755,PHI,Philadelphia 76ers,0021800059,2018-10-24,PHI @ MIL,L,240,38,92,0.413,11,34,0.324,21,30,0.7,8,42,50,29,4,5,16,27,108,-15,1
22018,1610612749,MIL,Milwaukee Bucks,0021800059,2018-10-24,MIL vs. PHI,W,240,41,100,0.41,13,43,0.302,28,30,0.933,9,42,51,24,7,10,11,27,123,15,1
22018,1610612763,MEM,Memphis Grizzlies,0021800061,2018-10-24,MEM @ SAC,L,240,36,94,0.383,10,37,0.27,10,13,0.769,13,36,49,18,7,6,15,25,92,-5,1
22018,1610612758,SAC,Sacramento Kings,0021800061,2018-10-24,SAC vs. MEM,W,240,35,83,0.422,6,18,0.333,21,33,0.636,15,42,57,19,7,5,17,15,97,5,1
22018,1610612750,MIN,Minnesota Timberwolves,0021800055,2018-10-24,MIN @ TOR,L,240,40,96,0.417,15,30,0.5,10,16,0.625,16,28,44,25,10,5,16,17,105,-7,2
22018,1610612761,TOR,Toronto Raptors,0021800055,2018-10-24,TOR vs. MIN,W,240,46,89,0.517,11,32,0.344,9,12,0.75,11,33,44,26,9,8,17,18,112,7,2
22018,1610612743,DEN,Denver Nuggets,0021800066,2018-10-25,DEN @ LAL,L,240,46,92,0.5,6,23,0.261,16,20,0.8,10,34,44,22,8,5,19,22,114,-7,1
22018,1610612747,LAL,Los Angeles Lakers,0021800066,2018-10-25,LAL vs. DEN,W,240,46,92,0.5,10,29,0.345,19,23,0.826,9,33,42,27,13,3,14,19,121,7,1
22018,1610612753,ORL,Orlando Magic,0021800064,2018-10-25,ORL vs. POR,L,240,43,86,0.5,12,30,0.4,16,20,0.8,11,29,40,29,5,7,14,21,114,-14,1
22018,1610612757,POR,Portland Trail Blazers,0021800064,2018-10-25,POR @ ORL,W,240,48,87,0.552,11,27,0.407,21,26,0.808,12,32,44,24,6,6,11,22,128,14,1
22018,1610612739,CLE,Cleveland Cavaliers,0021800063,2018-10-25,CLE @ DET,L,240,41,89,0.461,8,24,0.333,13,15,0.867,7,23,30,18,11,1,9,25,103,-7,1
22018,1610612765,DET,Detroit Pistons,0021800063,2018-10-25,DET vs. CLE,W,240,41,78,0.526,11,28,0.393,17,29,0.586,13,35,48,21,4,5,20,21,110,7,1
22018,1610612738,BOS,Boston Celtics,0021800065,2018-10-25,BOS @ OKC,W,240,33,86,0.384,11,32,0.344,24,33,0.727,10,35,45,19,7,1,12,27,101,6,1
22018,1610612760,OKC,Oklahoma City Thunder,0021800065,2018-10-25,OKC vs. BOS,L,240,37,94,0.394,7,28,0.25,14,25,0.56,16,41,57,19,5,6,16,27,95,-6,1
22018,1610612752,NYK,New York Knicks,0021800068,2018-10-26,NYK vs. GSW,L,240,39,90,0.433,13,39,0.333,9,12,0.75,11,29,40,17,6,1,20,18,100,-28,1
22018,1610612744,GSW,Golden State Warriors,0021800068,2018-10-26,GSW @ NYK,W,240,51,87,0.586,16,33,0.485,10,12,0.833,6,33,39,26,10,6,14,16,128,28,1
22018,1610612746,LAC,LA Clippers,0021800070,2018-10-26,LAC @ HOU,W,240,43,79,0.544,12,23,0.522,35,38,0.921,5,39,44,17,8,4,16,21,133,20,1
22018,1610612745,HOU,Houston Rockets,0021800070,2018-10-26,HOU vs. LAC,L,240,38,98,0.388,15,41,0.366,22,25,0.88,16,26,42,21,11,7,13,27,113,-20,1
22018,1610612750,MIN,Minnesota Timberwolves,0021800071,2018-10-26,MIN vs. MIL,L,240,36,112,0.321,10,43,0.233,13,18,0.722,17,32,49,19,10,6,8,15,95,-30,1
22018,1610612749,MIL,Milwaukee Bucks,0021800071,2018-10-26,MIL @ MIN,W,240,49,92,0.533,19,46,0.413,8,11,0.727,7,55,62,32,4,8,18,23,125,30,1
22018,1610612764,WAS,Washington Wizards,0021800073,2018-10-26,WAS @ SAC,L,240,40,86,0.465,14,42,0.333,18,23,0.783,5,37,42,22,8,7,21,27,112,-4,1
22018,1610612758,SAC,Sacramento Kings,0021800073,2018-10-26,SAC vs. WAS,W,240,44,95,0.463,14,37,0.378,14,23,0.609,14,39,53,25,8,4,19,18,116,4,1
22018,1610612766,CHA,Charlotte Hornets,0021800067,2018-10-26,CHA vs. CHI,W,240,53,93,0.57,14,32,0.438,15,16,0.938,11,39,50,30,10,10,12,18,135,29,1
22018,1610612741,CHI,Chicago Bulls,0021800067,2018-10-26,CHI @ CHA,L,240,37,85,0.435,16,36,0.444,16,22,0.727,8,26,34,21,5,7,14,16,106,-29,1
22018,1610612742,DAL,Dallas Mavericks,0021800069,2018-10-26,DAL @ TOR,L,240,38,92,0.413,12,30,0.4,19,24,0.792,10,34,44,22,6,6,15,17,107,-9,1
22018,1610612761,TOR,Toronto Raptors,0021800069,2018-10-26,TOR vs. DAL,W,240,44,91,0.484,11,27,0.407,17,20,0.85,12,38,50,23,10,5,13,22,116,9,1
22018,1610612751,BKN,Brooklyn Nets,0021800072,2018-10-26,BKN @ NOP,L,240,43,98,0.439,19,40,0.475,10,15,0.667,16,38,54,26,6,8,21,22,115,-2,1
22018,1610612740,NOP,New Orleans Pelicans,0021800072,2018-10-26,NOP vs. BKN,W,240,44,98,0.449,9,23,0.391,20,26,0.769,15,31,46,23,11,11,11,20,117,2,1
22018,1610612766,CHA,Charlotte Hornets,0021800078,2018-10-27,CHA @ PHI,L,240,37,95,0.389,9,35,0.257,20,24,0.833,9,39,48,19,3,8,9,25,103,-2,1
22018,1610612755,PHI,Philadelphia 76ers,0021800078,2018-10-27,PHI vs. CHA,W,240,35,91,0.385,10,28,0.357,25,30,0.833,14,42,56,18,4,8,11,23,105,2,1
22018,1610612747,LAL,Los Angeles Lakers,0021800082,2018-10-27,LAL @ SAS,L,240,41,86,0.477,13,33,0.394,11,18,0.611,7,35,42,19,5,5,17,25,106,-4,1
22018,1610612759,SAS,San Antonio Spurs,0021800082,2018-10-27,SAS vs. LAL,W,240,44,91,0.484,3,16,0.188,19,24,0.792,12,37,49,20,7,5,13,17,110,4,1
22018,1610612754,IND,Indiana Pacers,0021800077,2018-10-27,IND @ CLE,W,240,48,74,0.649,5,13,0.385,18,26,0.692,4,20,24,28,13,3,15,15,119,12,1
22018,1610612739,CLE,Cleveland Cavaliers,0021800077,2018-10-27,CLE vs. IND,L,240,40,86,0.465,7,25,0.28,20,22,0.909,16,23,39,21,9,2,18,20,107,-12,1
22018,1610612748,MIA,Miami Heat,0021800079,2018-10-27,MIA vs. POR,W,240,44,96,0.458,15,39,0.385,17,26,0.654,16,40,56,21,7,8,13,21,120,9,1
22018,1610612757,POR,Portland Trail Blazers,0021800079,2018-10-27,POR @ MIA,L,240,37,88,0.42,12,33,0.364,25,28,0.893,8,34,42,14,7,8,9,25,111,-9,1
22018,1610612738,BOS,Boston Celtics,0021800074,2018-10-27,BOS @ DET,W,240,39,86,0.453,14,34,0.412,17,25,0.68,8,46,54,25,4,8,13,26,109,20,1
22018,1610612765,DET,Detroit Pistons,0021800074,2018-10-27,DET vs. BOS,L,240,33,89,0.371,7,37,0.189,16,20,0.8,6,41,47,16,4,3,11,24,89,-20,1
22018,1610612737,ATL,Atlanta Hawks,0021800076,2018-10-27,ATL vs. CHI,L,240,27,84,0.321,12,40,0.3,19,23,0.826,11,37,48,20,9,8,22,13,85,-12,1
22018,1610612741,CHI,Chicago Bulls,0021800076,2018-10-27,CHI @ ATL,W,240,36,83,0.434,12,33,0.364,13,16,0.813,8,44,52,25,14,6,23,21,97,12,1
22018,1610612753,ORL,Orlando Magic,0021800081,2018-10-27,ORL @ MIL,L,240,33,101,0.327,10,43,0.233,15,17,0.882,11,30,41,21,9,6,11,22,91,-22,1
22018,1610612749,MIL,Milwaukee Bucks,0021800081,2018-10-27,MIL vs. ORL,W,240,41,82,0.5,10,30,0.333,21,23,0.913,6,51,57,24,6,7,21,19,113,22,1
22018,1610612763,MEM,Memphis Grizzlies,0021800080,2018-10-27,MEM vs. PHX,W,240,44,79,0.557,9,26,0.346,20,22,0.909,3,36,39,30,12,1,12,21,117,21,1
22018,1610612756,PHX,Phoenix Suns,0021800080,2018-10-27,PHX @ MEM,L,240,36,78,0.462,9,33,0.273,15,19,0.789,5,30,35,28,5,1,19,25,96,-21,1
22018,1610612762,UTA,Utah Jazz,0021800075,2018-10-27,UTA @ NOP,W,240,46,88,0.523,10,32,0.313,30,37,0.811,6,37,43,32,7,7,13,26,132,21,1
22018,1610612740,NOP,New Orleans Pelicans,0021800075,2018-10-27,NOP vs. UTA,L,240,40,95,0.421,9,34,0.265,22,29,0.759,11,29,40,22,4,5,16,32,111,-21,1
22018,1610612751,BKN,Brooklyn Nets,0021800083,2018-10-28,BKN vs. GSW,L,240,42,87,0.483,20,42,0.476,10,15,0.667,5,32,37,28,5,3,15,20,114,-6,1
22018,1610612744,GSW,Golden State Warriors,0021800083,2018-10-28,GSW @ BKN,W,240,44,89,0.494,11,33,0.333,21,24,0.875,12,35,47,28,11,7,12,16,120,6,1
22018,1610612746,LAC,LA Clippers,0021800086,2018-10-28,LAC vs. WAS,W,240,56,103,0.544,16,29,0.552,8,13,0.615,14,43,57,35,7,9,15,25,136,32,1
22018,1610612764,WAS,Washington Wizards,0021800086,2018-10-28,WAS @ LAC,L,240,38,97,0.392,5,27,0.185,23,28,0.821,14,31,45,18,7,3,14,16,104,-32,1
22018,1610612742,DAL,Dallas Mavericks,0021800084,2018-10-28,DAL vs. UTA,L,240,38,91,0.418,9,28,0.321,19,25,0.76,12,31,43,24,6,3,13,19,104,-9,1
22018,1610612762,UTA,Utah Jazz,0021800084,2018-10-28,UTA @ DAL,W,240,42,80,0.525,10,25,0.4,19,22,0.864,8,35,43,25,8,6,18,27,113,9,1
22018,1610612756,PHX,Phoenix Suns,0021800085,2018-10-28,PHX @ OKC,L,240,38,86,0.442,8,27,0.296,26,27,0.963,10,34,44,21,10,3,22,32,110,-7,1
22018,1610612760,OKC,Oklahoma City Thunder,0021800085,2018-10-28,OKC vs. PHX,W,240,43,85,0.506,7,24,0.292,24,35,0.686,9,34,43,22,16,3,15,24,117,7,1
22018,1610612737,ATL,Atlanta Hawks,0021800088,2018-10-29,ATL @ PHI,L,240,35,94,0.372,8,37,0.216,14,21,0.667,10,37,47,20,10,3,15,18,92,-21,1
22018,1610612755,PHI,Philadelphia 76ers,0021800088,2018-10-29,PHI vs. ATL,W,240,41,99,0.414,14,47,0.298,17,18,0.944,16,48,64,33,7,9,19,22,113,21,1
22018,1610612759,SAS,San Antonio Spurs,0021800094,2018-10-29,SAS vs. DAL,W,265,42,91,0.462,9,20,0.45,20,21,0.952,5,36,41,27,17,2,17,19,113,5,1
22018,1610612742,DAL,Dallas Mavericks,0021800094,2018-10-29,DAL @ SAS,L,265,43,91,0.473,10,34,0.294,12,17,0.706,8,41,49,15,9,3,23,21,108,-5,1
22018,1610612744,GSW,Golden State Warriors,0021800091,2018-10-29,GSW @ CHI,W,240,53,96,0.552,24,45,0.533,19,26,0.731,8,41,49,34,9,7,7,29,149,25,1
22018,1610612741,CHI,Chicago Bulls,0021800091,2018-10-29,CHI vs. GSW,L,240,46,94,0.489,11,35,0.314,21,34,0.618,12,32,44,25,6,3,9,19,124,-25,1
22018,1610612751,BKN,Brooklyn Nets,0021800090,2018-10-29,BKN @ NYK,L,240,34,84,0.405,11,38,0.289,17,22,0.773,11,21,32,22,6,7,10,20,96,-19,1
22018,1610612752,NYK,New York Knicks,0021800090,2018-10-29,NYK vs. BKN,W,240,45,92,0.489,9,24,0.375,16,18,0.889,16,37,53,21,5,3,16,21,115,19,1
22018,1610612748,MIA,Miami Heat,0021800089,2018-10-29,MIA vs. SAC,L,240,38,92,0.413,13,39,0.333,24,34,0.706,13,39,52,20,10,9,18,21,113,-10,1
22018,1610612758,SAC,Sacramento Kings,0021800089,2018-10-29,SAC @ MIA,W,240,48,97,0.495,12,26,0.462,15,25,0.6,9,37,46,28,8,8,14,23,123,10,1
22018,1610612754,IND,Indiana Pacers,0021800087,2018-10-29,IND vs. POR,L,240,37,90,0.411,6,19,0.316,13,20,0.65,7,28,35,19,8,5,9,20,93,-10,1
22018,1610612757,POR,Portland Trail Blazers,0021800087,2018-10-29,POR @ IND,W,240,38,78,0.487,10,26,0.385,17,18,0.944,9,41,50,19,3,3,18,23,103,10,1
22018,1610612740,NOP,New Orleans Pelicans,0021800095,2018-10-29,NOP @ DEN,L,240,43,82,0.524,11,24,0.458,14,20,0.7,7,37,44,28,8,5,22,25,111,-5,1
22018,1610612743,DEN,Denver Nuggets,0021800095,2018-10-29,DEN vs. NOP,W,240,42,93,0.452,11,35,0.314,21,23,0.913,9,32,41,28,14,5,13,17,116,5,1
22018,1610612761,TOR,Toronto Raptors,0021800092,2018-10-29,TOR @ MIL,L,240,39,103,0.379,9,45,0.2,22,28,0.786,15,36,51,25,9,7,10,19,109,-15,1
22018,1610612749,MIL,Milwaukee Bucks,0021800092,2018-10-29,MIL vs. TOR,W,240,45,92,0.489,19,45,0.422,15,19,0.789,8,49,57,28,5,4,17,21,124,15,1
22018,1610612747,LAL,Los Angeles Lakers,0021800093,2018-10-29,LAL @ MIN,L,240,49,104,0.471,12,33,0.364,10,15,0.667,17,31,48,24,8,8,18,24,120,-4,1
22018,1610612750,MIN,Minnesota Timberwolves,0021800093,2018-10-29,MIN vs. LAL,W,240,42,98,0.429,14,29,0.483,26,30,0.867,20,31,51,26,11,12,15,14,124,4,1
22018,1610612765,DET,Detroit Pistons,0021800099,2018-10-30,DET @ BOS,L,240,37,88,0.42,8,30,0.267,23,27,0.852,11,39,50,17,6,3,17,28,105,-3,1
22018,1610612738,BOS,Boston Celtics,0021800099,2018-10-30,BOS vs. DET,W,240,37,84,0.44,9,31,0.29,25,32,0.781,8,38,46,25,8,4,14,20,108,3,1
22018,1610612739,CLE,Cleveland Cavaliers,0021800097,2018-10-30,CLE vs. ATL,W,240,45,90,0.5,13,25,0.52,33,43,0.767,13,35,48,23,13,1,13,20,136,22,1
22018,1610612737,ATL,Atlanta Hawks,0021800097,2018-10-30,ATL @ CLE,L,240,44,82,0.537,15,35,0.429,11,17,0.647,6,33,39,25,6,8,23,29,114,-22,1
22018,1610612745,HOU,Houston Rockets,0021800101,2018-10-30,HOU vs. POR,L,240,31,96,0.323,10,43,0.233,13,23,0.565,20,29,49,18,7,9,12,25,85,-19,1
22018,1610612757,POR,Portland Trail Blazers,0021800101,2018-10-30,POR @ HOU,W,240,38,80,0.475,8,20,0.4,20,23,0.87,7,44,51,17,4,4,20,19,104,19,1
22018,1610612753,ORL,Orlando Magic,0021800098,2018-10-30,ORL vs. SAC,L,240,36,91,0.396,11,43,0.256,16,22,0.727,11,37,48,28,10,8,17,22,99,-8,1
22018,1610612758,SAC,Sacramento Kings,0021800098,2018-10-30,SAC @ ORL,W,240,41,84,0.488,8,22,0.364,17,26,0.654,8,43,51,22,8,6,15,20,107,8,1
22018,1610612748,MIA,Miami Heat,0021800096,2018-10-30,MIA @ CHA,L,240,41,87,0.471,11,28,0.393,20,24,0.833,10,24,34,25,9,5,15,26,113,-12,1
22018,1610612766,CHA,Charlotte Hornets,0021800096,2018-10-30,CHA vs. MIA,W,240,44,81,0.543,13,28,0.464,24,29,0.828,8,31,39,27,7,5,14,26,125,12,1
22018,1610612755,PHI,Philadelphia 76ers,0021800100,2018-10-30,PHI @ TOR,L,240,38,91,0.418,14,40,0.35,22,30,0.733,17,30,47,25,7,5,23,24,112,-17,1
22018,1610612761,TOR,Toronto Raptors,0021800100,2018-10-30,TOR vs. PHI,W,240,47,92,0.511,11,27,0.407,24,28,0.857,9,34,43,29,13,6,16,26,129,17,1
22018,1610612763,MEM,Memphis Grizzlies,0021800102,2018-10-30,MEM vs. WAS,W,240,36,74,0.486,13,28,0.464,22,31,0.71,6,32,38,28,16,3,17,20,107,12,2
22018,1610612764,WAS,Washington Wizards,0021800102,2018-10-30,WAS @ MEM,L,240,32,74,0.432,14,35,0.4,17,20,0.85,5,32,37,24,9,7,20,22,95,-12,2
22018,1610612746,LAC,LA Clippers,0021800103,2018-10-30,LAC @ OKC,L,240,35,74,0.473,7,20,0.35,33,43,0.767,6,32,38,18,6,7,25,26,110,-18,2
22018,1610612760,OKC,Oklahoma City Thunder,0021800103,2018-10-30,OKC vs. LAC,W,240,48,94,0.511,9,17,0.529,23,32,0.719,9,32,41,19,16,6,17,35,128,18,2
22018,1610612740,NOP,New Orleans Pelicans,0021800108,2018-10-31,NOP @ GSW,L,240,44,92,0.478,12,35,0.343,21,27,0.778,12,30,42,24,8,2,16,26,121,-10,1
22018,1610612744,GSW,Golden State Warriors,0021800108,2018-10-31,GSW vs. NOP,W,240,47,89,0.528,16,32,0.5,21,30,0.7,12,34,46,39,10,4,17,24,131,10,1
22018,1610612742,DAL,Dallas Mavericks,0021800109,2018-10-31,DAL @ LAL,L,240,43,86,0.5,13,29,0.448,14,19,0.737,10,30,40,24,5,5,23,24,113,-1,1
22018,1610612747,LAL,Los Angeles Lakers,0021800109,2018-10-31,LAL vs. DAL,W,240,43,84,0.512,10,17,0.588,18,24,0.75,8,31,39,23,12,6,20,27,114,1,1
22018,1610612741,CHI,Chicago Bulls,0021800106,2018-10-31,CHI vs. DEN,L,265,39,92,0.424,16,34,0.471,13,18,0.722,10,33,43,27,7,6,14,23,107,-1,1
22018,1610612743,DEN,Denver Nuggets,0021800106,2018-10-31,DEN @ CHI,W,265,45,99,0.455,7,26,0.269,11,18,0.611,17,39,56,24,7,9,16,16,108,1,1
22018,1610612752,NYK,New York Knicks,0021800105,2018-10-31,NYK vs. IND,L,240,34,79,0.43,12,25,0.48,21,24,0.875,9,26,35,18,6,6,17,19,101,-6,1
22018,1610612754,IND,Indiana Pacers,0021800105,2018-10-31,IND @ NYK,W,240,45,83,0.542,6,20,0.3,11,17,0.647,10,31,41,24,10,10,15,19,107,6,1
22018,1610612756,PHX,Phoenix Suns,0021800110,2018-10-31,PHX vs. SAS,L,240,35,90,0.389,6,24,0.25,14,18,0.778,7,28,35,21,10,3,15,26,90,-30,1
22018,1610612759,SAS,San Antonio Spurs,0021800110,2018-10-31,SAS @ PHX,W,240,46,83,0.554,4,18,0.222,24,26,0.923,6,41,47,24,7,6,14,15,120,30,1
22018,1610612765,DET,Detroit Pistons,0021800104,2018-10-31,DET @ BKN,L,265,39,93,0.419,11,34,0.324,30,39,0.769,14,41,55,16,8,6,17,30,119,-1,1
22018,1610612751,BKN,Brooklyn Nets,0021800104,2018-10-31,BKN vs. DET,W,265,43,101,0.426,12,38,0.316,22,30,0.733,18,37,55,26,5,3,16,33,120,1,1
22018,1610612750,MIN,Minnesota Timberwolves,0021800107,2018-10-31,MIN vs. UTA,W,240,50,86,0.581,12,25,0.48,16,24,0.667,7,34,41,19,10,8,16,28,128,3,1
22018,1610612762,UTA,Utah Jazz,0021800107,2018-10-31,UTA @ MIN,L,240,47,97,0.485,13,30,0.433,18,30,0.6,20,28,48,25,9,5,14,22,125,-3,1
22018,1610612746,LAC,LA Clippers,0021800113,2018-11-01,LAC @ PHI,L,240,38,86,0.442,9,23,0.391,28,33,0.848,8,34,42,19,6,7,18,28,113,-9,1
22018,1610612755,PHI,Philadelphia 76ers,0021800113,2018-11-01,PHI vs. LAC,W,240,44,93,0.473,13,27,0.481,21,28,0.75,10,33,43,29,7,7,16,30,122,9,1
22018,1610612738,BOS,Boston Celtics,0021800115,2018-11-01,BOS vs. MIL,W,240,41,92,0.446,24,55,0.436,11,13,0.846,8,34,42,30,5,8,13,23,117,4,1
22018,1610612749,MIL,Milwaukee Bucks,0021800115,2018-11-01,MIL @ BOS,L,240,41,85,0.482,9,29,0.31,22,30,0.733,8,37,45,20,8,3,14,20,113,-4,1
22018,1610612743,DEN,Denver Nuggets,0021800112,2018-11-01,DEN @ CLE,W,240,41,85,0.482,10,26,0.385,18,21,0.857,14,30,44,22,8,7,12,18,110,19,1
22018,1610612739,CLE,Cleveland Cavaliers,0021800112,2018-11-01,CLE vs. DEN,L,240,34,83,0.41,5,18,0.278,18,19,0.947,13,22,35,18,11,4,14,22,91,-19,1
22018,1610612757,POR,Portland Trail Blazers,0021800116,2018-11-01,POR vs. NOP,W,240,44,87,0.506,18,35,0.514,26,31,0.839,8,38,46,26,4,4,14,30,132,13,1
22018,1610612740,NOP,New Orleans Pelicans,0021800116,2018-11-01,NOP @ POR,L,240,40,94,0.426,8,29,0.276,31,37,0.838,14,30,44,23,7,3,13,24,119,-13,1
22018,1610612737,ATL,Atlanta Hawks,0021800114,2018-11-01,ATL vs. SAC,L,240,42,87,0.483,8,31,0.258,23,34,0.676,10,33,43,26,6,6,22,28,115,-31,1
22018,1610612758,SAC,Sacramento Kings,0021800114,2018-11-01,SAC @ ATL,W,240,53,98,0.541,14,35,0.4,26,32,0.813,10,36,46,38,14,3,14,29,146,31,1
22018,1610612766,CHA,Charlotte Hornets,0021800111,2018-11-01,CHA vs. OKC,L,240,38,93,0.409,11,41,0.268,20,22,0.909,11,40,51,26,7,3,18,26,107,-4,1
22018,1610612760,OKC,Oklahoma City Thunder,0021800111,2018-11-01,OKC @ CHA,W,240,41,96,0.427,8,37,0.216,21,29,0.724,14,35,49,20,12,9,10,21,111,4,1
22018,1610612744,GSW,Golden State Warriors,0021800124,2018-11-02,GSW vs. MIN,W,240,43,88,0.489,13,34,0.382,17,22,0.773,12,49,61,31,3,9,16,16,116,17,1
22018,1610612750,MIN,Minnesota Timberwolves,0021800124,2018-11-02,MIN @ GSW,L,240,38,101,0.376,13,45,0.289,10,14,0.714,8,31,39,25,8,4,5,16,99,-17,1
22018,1610612741,CHI,Chicago Bulls,0021800120,2018-11-02,CHI vs. IND,L,240,42,89,0.472,13,31,0.419,8,9,0.889,11,32,43,33,2,7,14,20,105,-2,1
22018,1610612754,IND,Indiana Pacers,0021800120,2018-11-02,IND @ CHI,W,240,40,85,0.471,7,26,0.269,20,22,0.909,9,33,42,21,8,9,11,13,107,2,1
22018,1610612756,PHX,Phoenix Suns,0021800123,2018-11-02,PHX vs. TOR,L,240,40,91,0.44,8,26,0.308,10,18,0.556,12,37,49,20,3,4,16,18,98,-9,1
22018,1610612761,TOR,Toronto Raptors,0021800123,2018-11-02,TOR @ PHX,W,240,41,81,0.506,12,33,0.364,13,21,0.619,6,33,39,29,11,10,14,23,107,9,1
22018,1610612751,BKN,Brooklyn Nets,0021800118,2018-11-02,BKN vs. HOU,L,240,42,85,0.494,15,34,0.441,12,20,0.6,9,29,38,22,5,4,12,28,111,-8,1
22018,1610612745,HOU,Houston Rockets,0021800118,2018-11-02,HOU @ BKN,W,240,41,83,0.494,15,39,0.385,22,32,0.688,11,30,41,22,4,10,9,21,119,8,1
22018,1610612753,ORL,Orlando Magic,0021800117,2018-11-02,ORL vs. LAC,L,240,40,90,0.444,4,17,0.235,11,19,0.579,8,32,40,20,7,4,10,24,95,-25,1
22018,1610612746,LAC,LA Clippers,0021800117,2018-11-02,LAC @ ORL,W,240,41,86,0.477,13,26,0.5,25,33,0.758,10,40,50,22,5,3,14,23,120,25,1
22018,1610612742,DAL,Dallas Mavericks,0021800121,2018-11-02,DAL vs. NYK,L,240,40,81,0.494,11,29,0.379,15,24,0.625,11,29,40,22,6,1,19,28,106,-12,1
22018,1610612752,NYK,New York Knicks,0021800121,2018-11-02,NYK @ DAL,W,240,46,84,0.548,7,29,0.241,19,26,0.731,10,30,40,26,13,4,12,24,118,12,1
22018,1610612763,MEM,Memphis Grizzlies,0021800122,2018-11-02,MEM @ UTA,W,240,38,75,0.507,13,26,0.5,21,34,0.618,9,30,39,23,9,3,11,29,110,10,1
22018,1610612762,UTA,Utah Jazz,0021800122,2018-11-02,UTA vs. MEM,L,240,36,77,0.468,14,36,0.389,14,25,0.56,10,29,39,21,3,5,14,25,100,-10,1
22018,1610612764,WAS,Washington Wizards,0021800119,2018-11-02,WAS vs. OKC,L,240,44,86,0.512,9,30,0.3,14,18,0.778,6,24,30,27,6,4,19,21,111,-23,1
22018,1610612760,OKC,Oklahoma City Thunder,0021800119,2018-11-02,OKC @ WAS,W,240,49,86,0.57,15,32,0.469,21,26,0.808,7,31,38,34,13,5,13,20,134,23,1
22018,1610612755,PHI,Philadelphia 76ers,0021800125,2018-11-03,PHI vs. DET,W,240,28,69,0.406,9,29,0.31,44,51,0.863,3,42,45,21,11,3,18,31,109,10,1
22018,1610612765,DET,Detroit Pistons,0021800125,2018-11-03,DET @ PHI,L,240,33,83,0.398,5,30,0.167,28,41,0.683,7,37,44,16,8,3,17,32,99,-10,1
22018,1610612740,NOP,New Orleans Pelicans,0021800130,2018-11-03,NOP @ SAS,L,240,36,77,0.468,6,21,0.286,17,30,0.567,6,42,48,22,3,8,16,21,95,-14,1
22018,1610612759,SAS,San Antonio Spurs,0021800130,2018-11-03,SAS vs. NOP,W,240,45,96,0.469,8,23,0.348,11,14,0.786,8,35,43,29,8,4,9,21,109,14,1
22018,1610612745,HOU,Houston Rockets,0021800129,2018-11-03,HOU @ CHI,W,240,35,83,0.422,13,42,0.31,13,20,0.65,10,35,45,21,13,5,19,22,96,8,1
22018,1610612741,CHI,Chicago Bulls,0021800129,2018-11-03,CHI vs. HOU,L,240,28,71,0.394,6,23,0.261,26,27,0.963,4,33,37,16,13,4,19,18,88,-8,1
22018,1610612757,POR,Portland Trail Blazers,0021800132,2018-11-03,POR vs. LAL,L,240,44,104,0.423,6,35,0.171,16,22,0.727,16,34,50,20,10,5,14,21,110,-4,1
22018,1610612747,LAL,Los Angeles Lakers,0021800132,2018-11-03,LAL @ POR,W,240,45,86,0.523,8,21,0.381,16,25,0.64,9,41,50,20,9,11,20,22,114,4,1
22018,1610612737,ATL,Atlanta Hawks,0021800128,2018-11-03,ATL vs. MIA,W,240,46,88,0.523,13,32,0.406,18,23,0.783,8,29,37,33,11,7,18,21,123,5,1
22018,1610612748,MIA,Miami Heat,0021800128,2018-11-03,MIA @ ATL,L,240,41,85,0.482,16,40,0.4,20,26,0.769,13,28,41,27,6,6,18,20,118,-5,1
22018,1610612754,IND,Indiana Pacers,0021800127,2018-11-03,IND vs. BOS,W,240,36,86,0.419,11,32,0.344,19,25,0.76,8,37,45,23,10,2,13,16,102,1,1
22018,1610612738,BOS,Boston Celtics,0021800127,2018-11-03,BOS @ IND,L,240,38,88,0.432,19,46,0.413,6,9,0.667,10,35,45,23,6,8,14,20,101,-1,1
22018,1610612743,DEN,Denver Nuggets,0021800131,2018-11-03,DEN vs. UTA,W,240,41,83,0.494,9,28,0.321,12,19,0.632,8,40,48,32,8,0,17,26,103,15,1
22018,1610612762,UTA,Utah Jazz,0021800131,2018-11-03,UTA @ DEN,L,240,33,81,0.407,6,31,0.194,16,24,0.667,10,30,40,22,12,7,13,21,88,-15,1
22018,1610612766,CHA,Charlotte Hornets,0021800126,2018-11-03,CHA vs. CLE,W,240,52,91,0.571,10,30,0.333,12,13,0.923,12,38,50,29,3,7,15,17,126,32,1
22018,1610612739,CLE,Cleveland Cavaliers,0021800126,2018-11-03,CLE @ CHA,L,240,35,81,0.432,10,26,0.385,14,15,0.933,3,23,26,22,10,2,15,20,94,-32,1
22018,1610612753,ORL,Orlando Magic,0021800137,2018-11-04,ORL @ SAS,W,240,46,91,0.505,12,32,0.375,13,18,0.722,11,32,43,29,7,4,9,22,117,7,1
22018,1610612759,SAS,San Antonio Spurs,0021800137,2018-11-04,SAS vs. ORL,L,240,38,88,0.432,12,35,0.343,22,25,0.88,10,33,43,25,3,5,11,21,110,-7,1
22018,1610612747,LAL,Los Angeles Lakers,0021800139,2018-11-04,LAL vs. TOR,L,240,39,85,0.459,6,24,0.25,23,29,0.793,6,32,38,25,6,4,16,18,107,-14,1
22018,1610612761,TOR,Toronto Raptors,0021800139,2018-11-04,TOR @ LAL,W,240,49,98,0.5,10,35,0.286,13,14,0.929,13,36,49,32,9,4,13,24,121,14,1
22018,1610612763,MEM,Memphis Grizzlies,0021800136,2018-11-04,MEM @ PHX,L,240,36,76,0.474,7,23,0.304,21,29,0.724,9,21,30,19,13,3,13,21,100,-2,1
22018,1610612756,PHX,Phoenix Suns,0021800136,2018-11-04,PHX vs. MEM,W,240,33,64,0.516,14,32,0.438,22,26,0.846,5,32,37,25,7,3,25,27,102,2,1
22018,1610612751,BKN,Brooklyn Nets,0021800134,2018-11-04,BKN vs. PHI,W,240,50,105,0.476,9,28,0.321,13,18,0.722,15,23,38,27,11,3,9,28,122,25,1
22018,1610612755,PHI,Philadelphia 76ers,0021800134,2018-11-04,PHI @ BKN,L,240,31,65,0.477,4,20,0.2,31,41,0.756,9,37,46,16,6,1,28,21,97,-25,1
22018,1610612757,POR,Portland Trail Blazers,0021800138,2018-11-04,POR vs. MIN,W,240,38,86,0.442,7,28,0.25,28,32,0.875,17,49,66,15,7,1,17,20,111,30,1
22018,1610612750,MIN,Minnesota Timberwolves,0021800138,2018-11-04,MIN @ POR,L,240,29,93,0.312,7,30,0.233,16,21,0.762,13,25,38,18,9,4,11,21,81,-30,1
22018,1610612749,MIL,Milwaukee Bucks,0021800133,2018-11-04,MIL vs. SAC,W,240,46,95,0.484,22,56,0.393,30,33,0.909,10,46,56,30,6,7,13,20,144,35,1
22018,1610612758,SAC,Sacramento Kings,0021800133,2018-11-04,SAC @ MIL,L,240,42,95,0.442,14,36,0.389,11,22,0.5,8,36,44,24,6,4,15,26,109,-35,1
22018,1610612752,NYK,New York Knicks,0021800135,2018-11-04,NYK @ WAS,L,240,39,93,0.419,5,27,0.185,12,16,0.75,15,36,51,19,5,5,20,28,95,-13,1
22018,1610612764,WAS,Washington Wizards,0021800135,2018-11-04,WAS vs. NYK,W,240,36,83,0.434,6,26,0.231,30,39,0.769,15,32,47,21,12,11,13,18,108,13,1
22018,1610612763,MEM,Memphis Grizzlies,0021800147,2018-11-05,MEM @ GSW,L,240,38,83,0.458,9,27,0.333,16,21,0.762,4,26,30,31,8,8,10,19,101,-16,1
22018,1610612744,GSW,Golden State Warriors,0021800147,2018-11-05,GSW vs. MEM,W,240,41,81,0.506,13,24,0.542,22,23,0.957,8,38,46,29,4,4,13,25,117,16,1
22018,1610612741,CHI,Chicago Bulls,0021800143,2018-11-05,CHI @ NYK,W,290,43,95,0.453,8,30,0.267,22,30,0.733,11,37,48,15,9,9,19,22,116,1,1
22018,1610612752,NYK,New York Knicks,0021800143,2018-11-05,NYK vs. CHI,L,290,41,106,0.387,7,26,0.269,26,29,0.897,21,41,62,20,7,6,18,27,115,-1,1
22018,1610612765,DET,Detroit Pistons,0021800140,2018-11-05,DET vs. MIA,L,265,43,105,0.41,11,35,0.314,18,28,0.643,21,39,60,27,8,3,19,30,115,-5,1
22018,1610612748,MIA,Miami Heat,0021800140,2018-11-05,MIA @ DET,W,265,44,98,0.449,12,31,0.387,20,31,0.645,9,41,50,24,10,8,17,26,120,5,1
22018,1610612739,CLE,Cleveland Cavaliers,0021800142,2018-11-05,CLE @ ORL,L,240,41,80,0.513,10,23,0.435,8,12,0.667,8,34,42,20,8,2,18,17,100,-2,1
22018,1610612753,ORL,Orlando Magic,0021800142,2018-11-05,ORL vs. CLE,W,240,39,87,0.448,11,34,0.324,13,15,0.867,10,30,40,22,11,5,15,16,102,2,1
22018,1610612750,MIN,Minnesota Timberwolves,0021800148,2018-11-05,MIN @ LAC,L,240,40,85,0.471,5,21,0.238,24,30,0.8,8,30,38,20,9,8,11,23,109,-11,1
22018,1610612746,LAC,LA Clippers,0021800148,2018-11-05,LAC vs. MIN,W,240,43,88,0.489,14,31,0.452,20,22,0.909,13,30,43,30,5,4,12,27,120,11,1
22018,1610612745,HOU,Houston Rockets,0021800141,2018-11-05,HOU @ IND,W,240,34,76,0.447,15,47,0.319,15,16,0.938,5,34,39,23,9,6,17,24,98,4,1
22018,1610612754,IND,Indiana Pacers,0021800141,2018-11-05,IND vs. HOU,L,240,33,75,0.44,8,28,0.286,20,30,0.667,7,32,39,17,8,3,16,15,94,-4,1
22018,1610612761,TOR,Toronto Raptors,0021800146,2018-11-05,TOR @ UTA,W,240,49,86,0.57,13,33,0.394,13,14,0.929,7,36,43,21,9,3,15,28,124,13,1
22018,1610612762,UTA,Utah Jazz,0021800146,2018-11-05,UTA vs. TOR,L,240,38,86,0.442,8,31,0.258,27,41,0.659,12,28,40,29,10,4,12,19,111,-13,1
22018,1610612738,BOS,Boston Celtics,0021800145,2018-11-05,BOS @ DEN,L,240,44,87,0.506,9,31,0.29,10,12,0.833,7,33,40,22,9,9,12,21,107,-8,1
22018,1610612743,DEN,Denver Nuggets,0021800145,2018-11-05,DEN vs. BOS,W,240,41,90,0.456,13,34,0.382,20,28,0.714,15,32,47,25,5,4,13,14,115,8,1
22018,1610612740,NOP,New Orleans Pelicans,0021800144,2018-11-05,NOP @ OKC,L,240,41,84,0.488,9,29,0.31,25,30,0.833,11,34,45,27,8,5,21,26,116,-6,1
22018,1610612760,OKC,Oklahoma City Thunder,0021800144,2018-11-05,OKC vs. NOP,W,240,45,93,0.484,10,27,0.37,22,31,0.71,9,32,41,26,15,3,12,23,122,6,1
22018,1610612756,PHX,Phoenix Suns,0021800151,2018-11-06,PHX vs. BKN,L,240,28,81,0.346,9,25,0.36,17,20,0.85,9,40,49,16,4,3,20,20,82,-22,1
22018,1610612751,BKN,Brooklyn Nets,0021800151,2018-11-06,BKN @ PHX,W,240,41,92,0.446,9,36,0.25,13,19,0.684,13,39,52,22,9,5,10,22,104,22,1
22018,1610612757,POR,Portland Trail Blazers,0021800152,2018-11-06,POR vs. MIL,W,240,48,91,0.527,17,43,0.395,5,8,0.625,11,40,51,23,7,3,12,17,118,15,1
22018,1610612749,MIL,Milwaukee Bucks,0021800152,2018-11-06,MIL @ POR,L,240,40,92,0.435,16,42,0.381,7,8,0.875,12,30,42,26,2,1,12,16,103,-15,1
22018,1610612764,WAS,Washington Wizards,0021800150,2018-11-06,WAS @ DAL,L,240,37,87,0.425,11,35,0.314,15,20,0.75,5,27,32,27,8,6,10,24,100,-19,1
22018,1610612742,DAL,Dallas Mavericks,0021800150,2018-11-06,DAL vs. WAS,W,240,39,82,0.476,15,34,0.441,26,27,0.963,10,40,50,25,4,6,18,22,119,19,1
22018,1610612737,ATL,Atlanta Hawks,0021800149,2018-11-06,ATL @ CHA,L,240,41,85,0.482,6,30,0.2,14,18,0.778,7,30,37,22,13,9,22,18,102,-11,1
22018,1610612766,CHA,Charlotte Hornets,0021800149,2018-11-06,CHA vs. ATL,W,240,45,92,0.489,13,31,0.419,10,18,0.556,8,35,43,27,9,4,21,16,113,11,1
22018,1610612750,MIN,Minnesota Timberwolves,0021800162,2018-11-07,MIN @ LAL,L,240,41,91,0.451,20,40,0.5,8,9,0.889,11,29,40,22,10,5,16,17,110,-4,1
22018,1610612747,LAL,Los Angeles Lakers,0021800162,2018-11-07,LAL vs. MIN,W,240,44,91,0.484,15,34,0.441,11,14,0.786,12,35,47,32,6,4,16,14,114,4,1
22018,1610612739,CLE,Cleveland Cavaliers,0021800153,2018-11-07,CLE vs. OKC,L,240,33,89,0.371,9,31,0.29,11,13,0.846,12,39,51,17,3,4,20,26,86,-9,1
22018,1610612760,OKC,Oklahoma City Thunder,0021800153,2018-11-07,OKC @ CLE,W,240,35,84,0.417,7,27,0.259,18,26,0.692,7,37,44,10,13,9,12,23,95,9,1
22018,1610612759,SAS,San Antonio Spurs,0021800156,2018-11-07,SAS @ MIA,L,240,31,94,0.33,13,32,0.406,13,14,0.929,12,37,49,19,8,5,12,19,88,-7,1
22018,1610612748,MIA,Miami Heat,0021800156,2018-11-07,MIA vs. SAS,W,240,36,93,0.387,10,32,0.313,13,18,0.722,14,46,60,21,8,11,13,17,95,7,1
22018,1610612765,DET,Detroit Pistons,0021800154,2018-11-07,DET @ ORL,W,240,37,90,0.411,11,37,0.297,18,20,0.9,13,37,50,21,13,1,20,15,103,7,1
22018,1610612753,ORL,Orlando Magic,0021800154,2018-11-07,ORL vs. DET,L,240,40,87,0.46,9,27,0.333,7,9,0.778,6,34,40,28,10,8,21,19,96,-7,1
22018,1610612752,NYK,New York Knicks,0021800155,2018-11-07,NYK @ ATL,W,240,34,77,0.442,11,30,0.367,33,47,0.702,11,37,48,15,8,7,18,30,112,5,1
22018,1610612737,ATL,Atlanta Hawks,0021800155,2018-11-07,ATL vs. NYK,L,240,37,92,0.402,11,38,0.289,22,29,0.759,15,30,45,26,5,9,17,30,107,-5,1
22018,1610612754,IND,Indiana Pacers,0021800157,2018-11-07,IND vs. PHI,L,240,37,94,0.394,8,31,0.258,12,17,0.706,8,33,41,19,9,6,12,21,94,-6,1
22018,1610612755,PHI,Philadelphia 76ers,0021800157,2018-11-07,PHI @ IND,W,240,36,79,0.456,10,32,0.313,18,22,0.818,5,38,43,24,7,8,17,18,100,6,1
22018,1610612742,DAL,Dallas Mavericks,0021800160,2018-11-07,DAL @ UTA,L,240,29,73,0.397,8,24,0.333,36,40,0.9,12,37,49,14,3,4,25,27,102,-15,1
22018,1610612762,UTA,Utah Jazz,0021800160,2018-11-07,UTA vs. DAL,W,240,43,89,0.483,13,37,0.351,18,26,0.692,8,27,35,31,12,10,12,32,117,15,1
22018,1610612758,SAC,Sacramento Kings,0021800161,2018-11-07,SAC vs. TOR,L,240,42,88,0.477,8,23,0.348,13,18,0.722,6,25,31,27,10,5,15,26,105,-9,1
22018,1610612761,TOR,Toronto Raptors,0021800161,2018-11-07,TOR @ SAC,W,240,41,89,0.461,11,36,0.306,21,23,0.913,13,40,53,17,10,4,22,20,114,9,1
22018,1610612763,MEM,Memphis Grizzlies,0021800158,2018-11-07,MEM vs. DEN,W,240,30,70,0.429,8,21,0.381,21,25,0.84,8,28,36,19,7,7,18,22,89,2,1
22018,1610612743,DEN,Denver Nuggets,0021800158,2018-11-07,DEN @ MEM,L,240,32,82,0.39,8,32,0.25,15,19,0.789,13,28,41,19,9,3,19,22,87,-2,1
22018,1610612741,CHI,Chicago Bulls,0021800159,2018-11-07,CHI @ NOP,L,240,38,96,0.396,9,31,0.29,13,17,0.765,7,39,46,18,9,7,12,16,98,-9,1
22018,1610612740,NOP,New Orleans Pelicans,0021800159,2018-11-07,NOP vs. CHI,W,240,42,94,0.447,11,30,0.367,12,17,0.706,11,44,55,32,5,10,15,18,107,9,1
22018,1610612744,GSW,Golden State Warriors,0021800166,2018-11-08,GSW vs. MIL,L,240,42,87,0.483,10,28,0.357,17,22,0.773,8,30,38,31,5,6,18,22,111,-23,1
22018,1610612749,MIL,Milwaukee Bucks,0021800166,2018-11-08,MIL @ GSW,W,240,52,101,0.515,9,35,0.257,21,27,0.778,13,33,46,33,11,7,12,23,134,23,1
22018,1610612738,BOS,Boston Celtics,0021800164,2018-11-08,BOS @ PHX,W,265,39,97,0.402,14,37,0.378,24,31,0.774,17,39,56,21,6,6,16,18,116,7,1
22018,1610612756,PHX,Phoenix Suns,0021800164,2018-11-08,PHX vs. BOS,L,265,41,93,0.441,11,35,0.314,16,19,0.842,4,38,42,25,10,6,15,23,109,-7,1
22018,1610612746,LAC,LA Clippers,0021800165,2018-11-08,LAC @ POR,L,240,41,89,0.461,8,23,0.348,15,20,0.75,7,34,41,19,2,10,7,22,105,-11,1
22018,1610612757,POR,Portland Trail Blazers,0021800165,2018-11-08,POR vs. LAC,W,240,40,97,0.412,10,26,0.385,26,28,0.929,14,39,53,18,4,8,7,20,116,11,1
22018,1610612760,OKC,Oklahoma City Thunder,0021800163,2018-11-08,OKC vs. HOU,W,240,36,81,0.444,9,37,0.243,17,24,0.708,13,39,52,18,10,4,15,16,98,18,1
22018,1610612745,HOU,Houston Rockets,0021800163,2018-11-08,HOU @ OKC,L,240,31,82,0.378,11,42,0.262,7,10,0.7,12,27,39,16,9,3,17,26,80,-18,1
22018,1610612755,PHI,Philadelphia 76ers,0021800168,2018-11-09,PHI vs. CHA,W,265,45,94,0.479,12,37,0.324,31,41,0.756,13,46,59,33,3,15,17,33,133,1,1
22018,1610612766,CHA,Charlotte Hornets,0021800168,2018-11-09,CHA @ PHI,L,265,43,110,0.391,16,40,0.4,30,40,0.75,14,35,49,25,10,5,7,33,132,-1,1
22018,1610612754,IND,Indiana Pacers,0021800170,2018-11-09,IND @ MIA,W,240,43,79,0.544,7,20,0.35,17,29,0.586,6,33,39,20,10,5,18,26,110,8,1
22018,1610612748,MIA,Miami Heat,0021800170,2018-11-09,MIA vs. IND,L,240,36,80,0.45,14,27,0.519,16,27,0.593,9,29,38,27,6,6,24,27,102,-8,1
22018,1610612764,WAS,Washington Wizards,0021800167,2018-11-09,WAS @ ORL,L,240,42,82,0.512,11,27,0.407,13,19,0.684,6,29,35,24,8,3,19,18,108,-9,1
22018,1610612753,ORL,Orlando Magic,0021800167,2018-11-09,ORL vs. WAS,W,240,44,86,0.512,13,31,0.419,16,19,0.842,10,31,41,26,8,6,16,18,117,9,1
22018,1610612765,DET,Detroit Pistons,0021800169,2018-11-09,DET @ ATL,W,240,46,97,0.474,20,47,0.426,12,19,0.632,10,34,44,30,10,6,11,31,124,15,1
22018,1610612737,ATL,Atlanta Hawks,0021800169,2018-11-09,ATL vs. DET,L,240,36,79,0.456,7,28,0.25,30,40,0.75,9,44,53,17,6,2,16,21,109,-15,1
22018,1610612738,BOS,Boston Celtics,0021800172,2018-11-09,BOS @ UTA,L,240,39,88,0.443,17,43,0.395,20,22,0.909,5,23,28,31,11,3,8,20,115,-8,1
22018,1610612762,UTA,Utah Jazz,0021800172,2018-11-09,UTA vs. BOS,W,240,43,77,0.558,13,34,0.382,24,30,0.8,8,37,45,29,4,4,17,21,123,8,1
22018,1610612743,DEN,Denver Nuggets,0021800171,2018-11-09,DEN vs. BKN,L,240,40,87,0.46,5,18,0.278,25,34,0.735,15,39,54,20,3,5,13,28,110,-2,1
22018,1610612751,BKN,Brooklyn Nets,0021800171,2018-11-09,BKN @ DEN,W,240,36,88,0.409,12,33,0.364,28,42,0.667,12,30,42,21,7,9,8,24,112,2,1
22018,1610612758,SAC,Sacramento Kings,0021800173,2018-11-09,SAC vs. MIN,W,240,43,95,0.453,12,32,0.375,23,29,0.793,12,37,49,25,7,6,13,29,121,11,1
22018,1610612750,MIN,Minnesota Timberwolves,0021800173,2018-11-09,MIN @ SAC,L,240,39,94,0.415,7,25,0.28,25,31,0.806,15,37,52,20,6,1,17,23,110,-11,1
22018,1610612751,BKN,Brooklyn Nets,0021800182,2018-11-10,BKN @ GSW,L,240,36,77,0.468,7,24,0.292,21,29,0.724,12,29,41,20,7,2,15,22,100,-16,1
22018,1610612744,GSW,Golden State Warriors,0021800182,2018-11-10,GSW vs. BKN,W,240,46,83,0.554,7,16,0.438,17,21,0.81,6,30,36,27,9,7,10,24,116,16,1
22018,1610612745,HOU,Houston Rockets,0021800180,2018-11-10,HOU @ SAS,L,240,30,90,0.333,9,41,0.22,20,29,0.69,15,34,49,11,10,5,8,24,89,-7,1
22018,1610612759,SAS,San Antonio Spurs,0021800180,2018-11-10,SAS vs. HOU,W,240,33,74,0.446,10,20,0.5,20,27,0.741,8,38,46,17,3,5,16,20,96,7,1
22018,1610612741,CHI,Chicago Bulls,0021800178,2018-11-10,CHI vs. CLE,W,240,39,82,0.476,7,18,0.389,14,21,0.667,5,33,38,20,7,5,11,19,99,1,1
22018,1610612739,CLE,Cleveland Cavaliers,0021800178,2018-11-10,CLE @ CHI,L,240,39,91,0.429,8,21,0.381,12,18,0.667,15,38,53,15,5,6,12,17,98,-1,1
22018,1610612748,MIA,Miami Heat,0021800177,2018-11-10,MIA vs. WAS,L,240,39,88,0.443,12,33,0.364,20,26,0.769,14,24,38,25,5,5,19,31,110,-6,1
22018,1610612764,WAS,Washington Wizards,0021800177,2018-11-10,WAS @ MIA,W,240,40,83,0.482,8,22,0.364,28,38,0.737,17,31,48,14,8,5,16,25,116,6,1
22018,1610612749,MIL,Milwaukee Bucks,0021800175,2018-11-10,MIL @ LAC,L,265,47,105,0.448,16,46,0.348,16,23,0.696,15,37,52,31,11,8,17,26,126,-2,1
22018,1610612746,LAC,LA Clippers,0021800175,2018-11-10,LAC vs. MIL,W,265,46,99,0.465,14,34,0.412,22,27,0.815,10,44,54,26,6,6,18,19,128,2,1
22018,1610612760,OKC,Oklahoma City Thunder,0021800181,2018-11-10,OKC @ DAL,L,240,38,97,0.392,9,34,0.265,11,18,0.611,26,27,53,17,9,2,16,19,96,-15,1
22018,1610612742,DAL,Dallas Mavericks,0021800181,2018-11-10,DAL vs. OKC,W,240,43,77,0.558,14,29,0.483,11,17,0.647,4,34,38,31,9,5,16,23,111,15,1
22018,1610612758,SAC,Sacramento Kings,0021800183,2018-11-10,SAC vs. LAL,L,240,32,92,0.348,6,25,0.24,16,20,0.8,13,37,50,11,7,5,19,20,86,-15,1
22018,1610612747,LAL,Los Angeles Lakers,0021800183,2018-11-10,LAL @ SAC,W,240,41,99,0.414,12,38,0.316,7,17,0.412,17,42,59,23,11,3,16,20,101,15,1
22018,1610612761,TOR,Toronto Raptors,0021800174,2018-11-10,TOR vs. NYK,W,240,42,79,0.532,14,35,0.4,30,40,0.75,12,34,46,24,8,4,15,20,128,16,1
22018,1610612752,NYK,New York Knicks,0021800174,2018-11-10,NYK @ TOR,L,240,44,96,0.458,6,22,0.273,18,22,0.818,16,31,47,18,12,6,14,26,112,-16,1
22018,1610612763,MEM,Memphis Grizzlies,0021800179,2018-11-10,MEM vs. PHI,W,265,45,103,0.437,11,30,0.367,11,15,0.733,15,30,45,16,9,3,11,18,112,6,1
22018,1610612755,PHI,Philadelphia 76ers,0021800179,2018-11-10,PHI @ MEM,L,265,44,85,0.518,8,31,0.258,10,16,0.625,8,40,48,27,10,6,23,20,106,-6,1
22018,1610612740,NOP,New Orleans Pelicans,0021800176,2018-11-10,NOP vs. PHX,W,240,42,86,0.488,11,25,0.44,24,29,0.828,16,38,54,28,7,7,18,18,119,20,1
22018,1610612756,PHX,Phoenix Suns,0021800176,2018-11-10,PHX @ NOP,L,240,35,86,0.407,10,36,0.278,19,20,0.95,10,27,37,16,10,7,17,27,99,-20,1
22018,1610612747,LAL,Los Angeles Lakers,0021800189,2018-11-11,LAL vs. ATL,W,240,39,92,0.424,14,38,0.368,15,24,0.625,17,31,48,28,12,9,23,23,107,1,1
22018,1610612737,ATL,Atlanta Hawks,0021800189,2018-11-11,ATL @ LAL,L,240,41,95,0.432,13,37,0.351,11,13,0.846,10,34,44,25,11,4,19,23,106,-1,1
22018,1610612753,ORL,Orlando Magic,0021800186,2018-11-11,ORL @ NYK,W,240,44,98,0.449,17,42,0.405,10,11,0.909,10,42,52,31,10,9,11,21,115,26,1
22018,1610612752,NYK,New York Knicks,0021800186,2018-11-11,NYK vs. ORL,L,240,31,88,0.352,5,28,0.179,22,30,0.733,13,41,54,13,4,15,19,21,89,-26,1
22018,1610612745,HOU,Houston Rockets,0021800185,2018-11-11,HOU vs. IND,W,240,36,74,0.486,20,47,0.426,23,32,0.719,8,30,38,18,6,5,17,22,115,12,1
22018,1610612754,IND,Indiana Pacers,0021800185,2018-11-11,IND @ HOU,L,240,36,78,0.462,11,29,0.379,20,26,0.769,5,30,35,24,10,6,13,22,103,-12,1
22018,1610612766,CHA,Charlotte Hornets,0021800184,2018-11-11,CHA @ DET,W,240,43,85,0.506,11,28,0.393,16,18,0.889,6,40,46,24,6,8,12,26,113,10,1
22018,1610612765,DET,Detroit Pistons,0021800184,2018-11-11,DET vs. CHA,L,240,38,104,0.365,12,45,0.267,15,19,0.789,22,29,51,21,5,4,10,18,103,-10,1
22018,1610612738,BOS,Boston Celtics,0021800188,2018-11-11,BOS @ POR,L,240,36,93,0.387,14,42,0.333,8,10,0.8,11,31,42,19,11,5,13,16,94,-6,1
22018,1610612757,POR,Portland Trail Blazers,0021800188,2018-11-11,POR vs. BOS,W,240,39,86,0.453,14,36,0.389,8,10,0.8,15,40,55,22,4,2,21,14,100,6,1
22018,1610612743,DEN,Denver Nuggets,0021800187,2018-11-11,DEN vs. MIL,L,240,41,89,0.461,18,38,0.474,14,20,0.7,10,29,39,27,8,5,10,16,114,-7,1
22018,1610612749,MIL,Milwaukee Bucks,0021800187,2018-11-11,MIL @ DEN,W,240,48,84,0.571,17,34,0.5,8,13,0.615,5,36,41,27,10,7,13,17,121,7,1
22018,1610612742,DAL,Dallas Mavericks,0021800193,2018-11-12,DAL @ CHI,W,240,37,79,0.468,10,33,0.303,19,29,0.655,7,42,49,18,11,7,20,22,103,5,1
22018,1610612741,CHI,Chicago Bulls,0021800193,2018-11-12,CHI vs. DAL,L,240,35,89,0.393,8,33,0.242,20,22,0.909,8,37,45,16,11,3,17,26,98,-5,1
22018,1610612748,MIA,Miami Heat,0021800191,2018-11-12,MIA vs. PHI,L,240,37,77,0.481,13,31,0.419,27,33,0.818,8,32,40,19,5,6,15,30,114,-10,2
22018,1610612755,PHI,Philadelphia 76ers,0021800191,2018-11-12,PHI @ MIA,W,240,39,83,0.47,15,36,0.417,31,39,0.795,10,32,42,24,5,0,10,24,124,10,2
22018,1610612746,LAC,LA Clippers,0021800198,2018-11-12,LAC vs. GSW,W,265,43,91,0.473,5,20,0.25,30,34,0.882,6,43,49,23,11,5,17,23,121,5,1
22018,1610612744,GSW,Golden State Warriors,0021800198,2018-11-12,GSW @ LAC,L,265,44,94,0.468,12,31,0.387,16,23,0.696,11,35,46,27,7,8,17,25,116,-5,1
22018,1610612751,BKN,Brooklyn Nets,0021800195,2018-11-12,BKN @ MIN,L,240,40,101,0.396,18,50,0.36,15,22,0.682,19,23,42,28,10,2,13,29,113,-7,1
22018,1610612750,MIN,Minnesota Timberwolves,0021800195,2018-11-12,MIN vs. BKN,W,240,42,80,0.525,10,23,0.435,26,31,0.839,9,43,52,26,8,6,23,17,120,7,1
22018,1610612759,SAS,San Antonio Spurs,0021800197,2018-11-12,SAS @ SAC,L,240,38,87,0.437,10,31,0.323,13,16,0.813,9,34,43,25,5,4,15,12,99,-5,1
22018,1610612758,SAC,Sacramento Kings,0021800197,2018-11-12,SAC vs. SAS,W,240,43,86,0.5,11,24,0.458,7,12,0.583,7,38,45,27,12,3,13,20,104,5,1
22018,1610612764,WAS,Washington Wizards,0021800190,2018-11-12,WAS vs. ORL,W,240,40,79,0.506,13,33,0.394,24,33,0.727,7,34,41,24,8,7,12,17,117,8,2
22018,1610612753,ORL,Orlando Magic,0021800190,2018-11-12,ORL @ WAS,L,240,43,89,0.483,15,30,0.5,8,11,0.727,8,26,34,28,5,6,13,28,109,-8,2
22018,1610612740,NOP,New Orleans Pelicans,0021800192,2018-11-12,NOP @ TOR,W,240,54,99,0.545,10,27,0.37,8,13,0.615,14,40,54,30,2,4,13,20,126,16,1
22018,1610612761,TOR,Toronto Raptors,0021800192,2018-11-12,TOR vs. NOP,L,240,39,97,0.402,13,45,0.289,19,22,0.864,13,30,43,22,9,5,11,20,110,-16,1
22018,1610612762,UTA,Utah Jazz,0021800194,2018-11-12,UTA @ MEM,W,240,32,82,0.39,9,32,0.281,23,30,0.767,13,36,49,19,7,6,15,25,96,8,1
22018,1610612763,MEM,Memphis Grizzlies,0021800194,2018-11-12,MEM vs. UTA,L,240,33,79,0.418,4,24,0.167,18,23,0.783,8,34,42,19,7,9,16,28,88,-8,1
22018,1610612756,PHX,Phoenix Suns,0021800196,2018-11-12,PHX @ OKC,L,240,39,81,0.481,7,26,0.269,16,19,0.842,10,27,37,25,5,5,18,21,101,-17,1
22018,1610612760,OKC,Oklahoma City Thunder,0021800196,2018-11-12,OKC vs. PHX,W,240,43,92,0.467,13,27,0.481,19,20,0.95,12,30,42,23,12,6,14,15,118,17,1
22018,1610612737,ATL,Atlanta Hawks,0021800201,2018-11-13,ATL @ GSW,L,240,40,89,0.449,12,32,0.375,11,15,0.733,10,32,42,25,9,2,17,18,103,-7,1
22018,1610612744,GSW,Golden State Warriors,0021800201,2018-11-13,GSW vs. ATL,W,240,39,91,0.429,12,27,0.444,20,21,0.952,13,35,48,28,8,6,13,20,110,7,1
22018,1610612766,CHA,Charlotte Hornets,0021800199,2018-11-13,CHA @ CLE,L,240,33,95,0.347,8,41,0.195,15,19,0.789,12,25,37,22,12,4,9,11,89,-24,1
22018,1610612739,CLE,Cleveland Cavaliers,0021800199,2018-11-13,CLE vs. CHA,W,240,45,85,0.529,13,24,0.542,10,12,0.833,14,46,60,23,5,3,20,20,113,24,1
22018,1610612745,HOU,Houston Rockets,0021800200,2018-11-13,HOU @ DEN,W,240,39,71,0.549,13,37,0.351,18,26,0.692,6,26,32,23,7,6,15,20,109,10,1
22018,1610612743,DEN,Denver Nuggets,0021800200,2018-11-13,DEN vs. HOU,L,240,38,76,0.5,11,25,0.44,12,16,0.75,7,24,31,27,11,2,16,20,99,-10,1
22018,1610612757,POR,Portland Trail Blazers,0021800212,2018-11-14,POR @ LAL,L,240,41,93,0.441,14,33,0.424,21,23,0.913,11,36,47,24,8,10,15,21,117,-9,1
22018,1610612747,LAL,Los Angeles Lakers,0021800212,2018-11-14,LAL vs. POR,W,240,44,93,0.473,15,32,0.469,23,26,0.885,11,37,48,25,11,6,13,18,126,9,1
22018,1610612741,CHI,Chicago Bulls,0021800204,2018-11-14,CHI @ BOS,L,240,33,84,0.393,7,23,0.304,9,9,1.0,7,40,47,16,8,3,22,16,82,-29,1
22018,1610612738,BOS,Boston Celtics,0021800204,2018-11-14,BOS vs. CHI,W,240,42,90,0.467,15,34,0.441,12,14,0.857,8,43,51,27,12,5,14,12,111,29,1
22018,1610612759,SAS,San Antonio Spurs,0021800211,2018-11-14,SAS @ PHX,L,240,35,83,0.422,7,23,0.304,19,24,0.792,13,30,43,16,7,4,18,12,96,-20,1
22018,1610612756,PHX,Phoenix Suns,0021800211,2018-11-14,PHX vs. SAS,W,240,47,84,0.56,15,31,0.484,7,8,0.875,5,33,38,27,9,4,16,23,116,20,1
22018,1610612751,BKN,Brooklyn Nets,0021800205,2018-11-14,BKN vs. MIA,L,240,41,101,0.406,8,28,0.286,17,24,0.708,16,30,46,17,10,2,15,29,107,-13,1
22018,1610612748,MIA,Miami Heat,0021800205,2018-11-14,MIA @ BKN,W,240,46,85,0.541,8,29,0.276,20,28,0.714,6,41,47,23,6,6,18,27,120,13,1
22018,1610612755,PHI,Philadelphia 76ers,0021800202,2018-11-14,PHI @ ORL,L,240,41,86,0.477,14,29,0.483,10,15,0.667,10,31,41,32,2,3,15,21,106,-5,1
22018,1610612753,ORL,Orlando Magic,0021800202,2018-11-14,ORL vs. PHI,W,240,40,80,0.5,12,28,0.429,19,22,0.864,5,32,37,23,7,4,11,21,111,5,1
22018,1610612762,UTA,Utah Jazz,0021800210,2018-11-14,UTA @ DAL,L,240,25,81,0.309,6,35,0.171,12,19,0.632,8,25,33,16,11,3,22,21,68,-50,1
22018,1610612742,DAL,Dallas Mavericks,0021800210,2018-11-14,DAL vs. UTA,W,240,45,77,0.584,12,28,0.429,16,24,0.667,7,44,51,24,12,6,20,19,118,50,1
22018,1610612763,MEM,Memphis Grizzlies,0021800207,2018-11-14,MEM @ MIL,W,240,42,83,0.506,14,36,0.389,18,24,0.75,4,30,34,24,8,4,14,20,116,3,1
22018,1610612749,MIL,Milwaukee Bucks,0021800207,2018-11-14,MIL vs. MEM,L,240,41,81,0.506,9,35,0.257,22,27,0.815,9,35,44,22,5,8,16,22,113,-3,1
22018,1610612750,MIN,Minnesota Timberwolves,0021800208,2018-11-14,MIN vs. NOP,W,240,37,90,0.411,14,32,0.438,19,24,0.792,11,36,47,29,14,6,16,22,107,7,1
22018,1610612740,NOP,New Orleans Pelicans,0021800208,2018-11-14,NOP @ MIN,L,240,40,94,0.426,9,28,0.321,11,18,0.611,10,36,46,25,7,6,18,21,100,-7,1
22018,1610612739,CLE,Cleveland Cavaliers,0021800203,2018-11-14,CLE @ WAS,L,240,35,77,0.455,4,21,0.19,21,31,0.677,9,33,42,22,12,6,24,24,95,-24,1
22018,1610612764,WAS,Washington Wizards,0021800203,2018-11-14,WAS vs. CLE,W,240,44,92,0.478,13,40,0.325,18,26,0.692,12,32,44,30,17,3,18,25,119,24,1
22018,1610612765,DET,Detroit Pistons,0021800206,2018-11-14,DET @ TOR,W,240,44,91,0.484,10,33,0.303,8,13,0.615,7,32,39,24,8,5,18,24,106,2,1
22018,1610612761,TOR,Toronto Raptors,0021800206,2018-11-14,TOR vs. DET,L,240,45,92,0.489,4,20,0.2,10,17,0.588,12,37,49,23,9,3,20,19,104,-2,1
22018,1610612760,OKC,Oklahoma City Thunder,0021800209,2018-11-14,OKC vs. NYK,W,240,51,95,0.537,16,33,0.485,10,12,0.833,13,34,47,32,11,7,16,21,128,25,1
22018,1610612752,NYK,New York Knicks,0021800209,2018-11-14,NYK @ OKC,L,240,39,88,0.443,7,26,0.269,18,23,0.783,9,27,36,18,8,8,18,17,103,-25,1
22018,1610612745,HOU,Houston Rockets,0021800213,2018-11-15,HOU vs. GSW,W,240,35,87,0.402,16,47,0.34,21,26,0.808,14,27,41,20,8,4,8,21,107,21,1
22018,1610612744,GSW,Golden State Warriors,0021800213,2018-11-15,GSW @ HOU,L,240,32,76,0.421,4,18,0.222,18,22,0.818,12,32,44,18,2,5,17,24,86,-21,1
22018,1610612759,SAS,San Antonio Spurs,0021800215,2018-11-15,SAS @ LAC,L,240,41,102,0.402,9,29,0.31,20,25,0.8,15,30,45,19,7,6,5,24,111,-5,1
22018,1610612746,LAC,LA Clippers,0021800215,2018-11-15,LAC vs. SAS,W,240,40,85,0.471,8,23,0.348,28,35,0.8,9,41,50,23,2,3,12,25,116,5,1
22018,1610612737,ATL,Atlanta Hawks,0021800214,2018-11-15,ATL @ DEN,L,240,32,92,0.348,9,42,0.214,20,27,0.741,15,28,43,20,7,5,19,22,93,-45,1
22018,1610612743,DEN,Denver Nuggets,0021800214,2018-11-15,DEN vs. ATL,W,240,53,94,0.564,13,31,0.419,19,25,0.76,11,45,56,34,12,6,15,24,138,45,1
22018,1610612755,PHI,Philadelphia 76ers,0021800218,2018-11-16,PHI vs. UTA,W,240,41,81,0.506,11,23,0.478,20,32,0.625,10,31,41,25,7,5,18,27,113,6,1
22018,1610612762,UTA,Utah Jazz,0021800218,2018-11-16,UTA @ PHI,L,240,41,88,0.466,4,22,0.182,21,37,0.568,10,29,39,15,10,4,13,25,107,-6,1
22018,1610612751,BKN,Brooklyn Nets,0021800219,2018-11-16,BKN @ WAS,W,240,38,90,0.422,9,33,0.273,30,38,0.789,13,34,47,19,8,3,12,24,115,11,1
22018,1610612764,WAS,Washington Wizards,0021800219,2018-11-16,WAS vs. BKN,L,240,37,87,0.425,3,18,0.167,27,34,0.794,12,35,47,18,5,4,13,23,104,-11,1
22018,1610612761,TOR,Toronto Raptors,0021800216,2018-11-16,TOR @ BOS,L,265,42,97,0.433,8,29,0.276,24,29,0.828,11,32,43,20,12,4,14,23,116,-7,1
22018,1610612738,BOS,Boston Celtics,0021800216,2018-11-16,BOS vs. TOR,W,265,47,89,0.528,9,26,0.346,20,24,0.833,9,37,46,25,9,6,18,23,123,7,1
22018,1610612748,MIA,Miami Heat,0021800217,2018-11-16,MIA @ IND,L,240,35,93,0.376,14,36,0.389,7,10,0.7,13,38,51,21,10,5,18,16,91,-8,1
22018,1610612754,IND,Indiana Pacers,0021800217,2018-11-16,IND vs. MIA,W,240,36,81,0.444,14,27,0.519,13,15,0.867,4,43,47,22,10,6,19,14,99,8,1
22018,1610612741,CHI,Chicago Bulls,0021800223,2018-11-16,CHI @ MIL,L,240,41,94,0.436,13,33,0.394,9,13,0.692,4,32,36,22,8,3,12,15,104,-19,1
22018,1610612749,MIL,Milwaukee Bucks,0021800223,2018-11-16,MIL vs. CHI,W,240,47,93,0.505,18,43,0.419,11,17,0.647,11,44,55,28,8,8,17,14,123,19,1
22018,1610612757,POR,Portland Trail Blazers,0021800221,2018-11-16,POR @ MIN,L,240,37,88,0.42,8,29,0.276,14,20,0.7,11,37,48,16,6,1,18,14,96,-16,1
22018,1610612750,MIN,Minnesota Timberwolves,0021800221,2018-11-16,MIN vs. POR,W,240,46,92,0.5,12,28,0.429,8,11,0.727,9,34,43,28,11,4,12,16,112,16,1
22018,1610612758,SAC,Sacramento Kings,0021800220,2018-11-16,SAC @ MEM,L,240,37,80,0.463,12,33,0.364,18,24,0.75,9,33,42,23,9,2,21,24,104,-8,1
22018,1610612763,MEM,Memphis Grizzlies,0021800220,2018-11-16,MEM vs. SAC,W,240,43,85,0.506,11,25,0.44,15,24,0.625,9,31,40,24,11,5,16,23,112,8,1
22018,1610612740,NOP,New Orleans Pelicans,0021800222,2018-11-16,NOP vs. NYK,W,240,48,99,0.485,10,34,0.294,23,32,0.719,11,43,54,27,5,5,15,25,129,5,1
22018,1610612752,NYK,New York Knicks,0021800222,2018-11-16,NYK @ NOP,L,240,48,98,0.49,11,34,0.324,17,24,0.708,12,32,44,15,10,6,13,31,124,-5,1
22018,1610612741,CHI,Chicago Bulls,0021800230,2018-11-17,CHI vs. TOR,L,240,30,86,0.349,8,27,0.296,15,21,0.714,7,27,34,21,13,3,22,19,83,-39,1
22018,1610612761,TOR,Toronto Raptors,0021800230,2018-11-17,TOR @ CHI,W,240,48,89,0.539,14,35,0.4,12,13,0.923,8,46,54,31,14,10,23,24,122,39,1
22018,1610612738,BOS,Boston Celtics,0021800229,2018-11-17,BOS vs. UTA,L,240,35,91,0.385,5,33,0.152,11,20,0.55,17,34,51,16,11,4,14,22,86,-12,1
22018,1610612762,UTA,Utah Jazz,0021800229,2018-11-17,UTA @ BOS,W,240,35,78,0.449,11,38,0.289,17,27,0.63,7,39,46,23,11,4,15,23,98,12,1
22018,1610612756,PHX,Phoenix Suns,0021800233,2018-11-17,PHX vs. OKC,L,240,37,82,0.451,12,29,0.414,14,21,0.667,4,27,31,25,14,6,15,28,100,-10,1
22018,1610612760,OKC,Oklahoma City Thunder,0021800233,2018-11-17,OKC @ PHX,W,240,38,85,0.447,7,24,0.292,27,32,0.844,14,38,52,17,9,7,18,20,110,10,1
22018,1610612751,BKN,Brooklyn Nets,0021800224,2018-11-17,BKN vs. LAC,L,240,40,88,0.455,13,28,0.464,26,34,0.765,15,32,47,25,4,5,11,22,119,-8,1
22018,1610612746,LAC,LA Clippers,0021800224,2018-11-17,LAC @ BKN,W,240,48,95,0.505,11,23,0.478,20,24,0.833,9,29,38,23,4,1,8,25,127,8,1
22018,1610612745,HOU,Houston Rockets,0021800231,2018-11-17,HOU vs. SAC,W,240,46,81,0.568,20,47,0.426,20,24,0.833,6,35,41,27,9,10,22,20,132,20,1
22018,1610612758,SAC,Sacramento Kings,0021800231,2018-11-17,SAC @ HOU,L,240,46,102,0.451,11,35,0.314,9,12,0.75,13,26,39,23,10,3,14,21,112,-20,1
22018,1610612753,ORL,Orlando Magic,0021800227,2018-11-17,ORL vs. LAL,W,240,50,93,0.538,11,32,0.344,19,23,0.826,11,30,41,28,5,8,13,23,130,13,1
22018,1610612747,LAL,Los Angeles Lakers,0021800227,2018-11-17,LAL @ ORL,L,240,43,90,0.478,10,30,0.333,21,25,0.84,8,33,41,22,5,6,14,20,117,-13,1
22018,1610612754,IND,Indiana Pacers,0021800226,2018-11-17,IND vs. ATL,W,240,35,87,0.402,12,30,0.4,15,21,0.714,10,43,53,25,11,6,24,26,97,8,1
22018,1610612737,ATL,Atlanta Hawks,0021800226,2018-11-17,ATL @ IND,L,240,31,87,0.356,8,29,0.276,19,27,0.704,5,36,41,20,15,6,18,24,89,-8,1
22018,1610612742,DAL,Dallas Mavericks,0021800232,2018-11-17,DAL vs. GSW,W,240,40,86,0.465,10,34,0.294,22,34,0.647,8,38,46,18,6,5,10,18,112,3,1
22018,1610612744,GSW,Golden State Warriors,0021800232,2018-11-17,GSW @ DAL,L,240,42,94,0.447,9,33,0.273,16,17,0.941,12,35,47,24,6,6,12,27,109,-3,1
22018,1610612766,CHA,Charlotte Hornets,0021800225,2018-11-17,CHA vs. PHI,L,265,42,99,0.424,10,31,0.323,25,27,0.926,9,40,49,23,10,3,17,29,119,-3,1
22018,1610612755,PHI,Philadelphia 76ers,0021800225,2018-11-17,PHI @ CHA,W,265,39,93,0.419,11,35,0.314,33,38,0.868,9,44,53,23,9,6,19,24,122,3,1
22018,1610612743,DEN,Denver Nuggets,0021800228,2018-11-17,DEN @ NOP,L,240,46,95,0.484,15,39,0.385,8,13,0.615,10,33,43,30,5,6,13,23,115,-10,1
22018,1610612740,NOP,New Orleans Pelicans,0021800228,2018-11-17,NOP vs. DEN,W,240,42,87,0.483,10,25,0.4,31,34,0.912,10,36,46,29,6,8,11,18,125,10,1
22018,1610612750,MIN,Minnesota Timberwolves,0021800234,2018-11-18,MIN vs. MEM,L,240,31,80,0.388,12,29,0.414,13,16,0.813,10,39,49,20,8,3,20,20,87,-13,1
22018,1610612763,MEM,Memphis Grizzlies,0021800234,2018-11-18,MEM @ MIN,W,240,35,82,0.427,12,28,0.429,18,25,0.72,10,33,43,26,11,9,12,20,100,13,1
22018,1610612759,SAS,San Antonio Spurs,0021800238,2018-11-18,SAS vs. GSW,W,240,41,92,0.446,10,24,0.417,12,17,0.706,11,37,48,24,3,5,11,18,104,12,1
22018,1610612744,GSW,Golden State Warriors,0021800238,2018-11-18,GSW @ SAS,L,240,35,86,0.407,5,26,0.192,17,21,0.81,10,36,46,20,6,4,12,17,92,-12,1
22018,1610612748,MIA,Miami Heat,0021800235,2018-11-18,MIA vs. LAL,L,240,35,87,0.402,13,32,0.406,14,19,0.737,12,36,48,20,3,5,14,21,97,-16,1
22018,1610612747,LAL,Los Angeles Lakers,0021800235,2018-11-18,LAL @ MIA,W,240,42,95,0.442,11,27,0.407,18,21,0.857,14,36,50,16,7,5,10,19,113,16,1
22018,1610612752,NYK,New York Knicks,0021800236,2018-11-18,NYK @ ORL,L,240,40,87,0.46,8,24,0.333,29,35,0.829,17,25,42,12,7,2,14,26,117,-14,1
22018,1610612753,ORL,Orlando Magic,0021800236,2018-11-18,ORL vs. NYK,W,240,48,84,0.571,13,32,0.406,22,26,0.846,7,28,35,35,5,6,17,26,131,14,1
22018,1610612764,WAS,Washington Wizards,0021800237,2018-11-18,WAS vs. POR,L,240,43,96,0.448,13,32,0.406,10,21,0.476,9,34,43,28,4,9,12,30,109,-10,1
22018,1610612757,POR,Portland Trail Blazers,0021800237,2018-11-18,POR @ WAS,W,240,39,86,0.453,11,30,0.367,30,35,0.857,9,43,52,26,4,3,15,25,119,10,1
22018,1610612755,PHI,Philadelphia 76ers,0021800242,2018-11-19,PHI vs. PHX,W,240,41,84,0.488,6,22,0.273,31,42,0.738,13,40,53,24,8,1,19,27,119,5,1
22018,1610612756,PHX,Phoenix Suns,0021800242,2018-11-19,PHX @ PHI,L,240,44,87,0.506,13,33,0.394,13,24,0.542,5,26,31,25,9,4,13,34,114,-5,1
22018,1610612739,CLE,Cleveland Cavaliers,0021800240,2018-11-19,CLE @ DET,L,240,35,79,0.443,8,21,0.381,24,34,0.706,11,25,36,16,8,3,10,22,102,-11,1
22018,1610612765,DET,Detroit Pistons,0021800240,2018-11-19,DET vs. CLE,W,240,41,89,0.461,13,38,0.342,18,19,0.947,13,37,50,26,5,4,12,27,113,11,1
22018,1610612762,UTA,Utah Jazz,0021800241,2018-11-19,UTA @ IND,L,240,36,74,0.486,11,25,0.44,11,16,0.688,3,33,36,26,6,10,19,18,94,-27,1
22018,1610612754,IND,Indiana Pacers,0021800241,2018-11-19,IND vs. UTA,W,240,49,93,0.527,12,25,0.48,11,17,0.647,11,33,44,35,13,3,9,17,121,27,1
22018,1610612737,ATL,Atlanta Hawks,0021800243,2018-11-19,ATL vs. LAC,L,240,45,101,0.446,12,38,0.316,17,19,0.895,16,35,51,29,6,6,16,38,119,-8,1
22018,1610612746,LAC,LA Clippers,0021800243,2018-11-19,LAC @ ATL,W,240,40,93,0.43,10,33,0.303,37,47,0.787,15,37,52,24,9,8,15,22,127,8,1
22018,1610612743,DEN,Denver Nuggets,0021800245,2018-11-19,DEN @ MIL,L,240,40,94,0.426,12,41,0.293,6,9,0.667,13,30,43,30,6,4,18,20,98,-6,1
22018,1610612749,MIL,Milwaukee Bucks,0021800245,2018-11-19,MIL vs. DEN,W,240,40,88,0.455,11,36,0.306,13,22,0.591,13,38,51,21,8,3,18,16,104,6,1
22018,1610612738,BOS,Boston Celtics,0021800239,2018-11-19,BOS @ CHA,L,240,45,89,0.506,9,32,0.281,13,18,0.722,8,33,41,31,9,6,12,22,112,-5,1
22018,1610612766,CHA,Charlotte Hornets,0021800239,2018-11-19,CHA vs. BOS,W,240,43,89,0.483,15,41,0.366,16,22,0.727,8,36,44,18,5,3,14,16,117,5,1
22018,1610612758,SAC,Sacramento Kings,0021800247,2018-11-19,SAC vs. OKC,W,240,45,102,0.441,16,38,0.421,11,17,0.647,14,45,59,29,7,4,15,18,117,4,2
22018,1610612760,OKC,Oklahoma City Thunder,0021800247,2018-11-19,OKC @ SAC,L,240,45,108,0.417,12,41,0.293,11,16,0.688,13,40,53,22,8,3,13,22,113,-4,2
22018,1610612763,MEM,Memphis Grizzlies,0021800244,2018-11-19,MEM vs. DAL,W,240,37,79,0.468,12,30,0.4,12,14,0.857,5,40,45,29,8,11,16,21,98,10,1
22018,1610612742,DAL,Dallas Mavericks,0021800244,2018-11-19,DAL @ MEM,L,240,30,88,0.341,10,32,0.313,18,21,0.857,7,36,43,17,8,4,11,19,88,-10,1
22018,1610612740,NOP,New Orleans Pelicans,0021800246,2018-11-19,NOP vs. SAS,W,240,59,102,0.578,10,26,0.385,12,14,0.857,14,28,42,34,10,5,11,23,140,14,1
22018,1610612759,SAS,San Antonio Spurs,0021800246,2018-11-19,SAS @ NOP,L,240,45,94,0.479,12,24,0.5,24,30,0.8,18,26,44,22,7,0,15,20,126,-14,1
22018,1610612752,NYK,New York Knicks,0021800251,2018-11-20,NYK vs. POR,L,240,42,83,0.506,13,29,0.448,17,22,0.773,10,32,42,22,8,5,15,15,114,-4,1
22018,1610612757,POR,Portland Trail Blazers,0021800251,2018-11-20,POR @ NYK,W,240,45,95,0.474,16,35,0.457,12,17,0.706,14,29,43,25,8,4,12,19,118,4,1
22018,1610612751,BKN,Brooklyn Nets,0021800250,2018-11-20,BKN @ MIA,W,240,38,88,0.432,8,31,0.258,20,26,0.769,13,40,53,17,6,4,12,21,104,12,1
22018,1610612748,MIA,Miami Heat,0021800250,2018-11-20,MIA vs. BKN,L,240,36,100,0.36,7,32,0.219,13,20,0.65,18,34,52,18,5,6,14,24,92,-12,1
22018,1610612753,ORL,Orlando Magic,0021800248,2018-11-20,ORL vs. TOR,L,240,34,84,0.405,8,30,0.267,15,19,0.789,11,38,49,24,5,4,14,11,91,-2,1
22018,1610612761,TOR,Toronto Raptors,0021800248,2018-11-20,TOR @ ORL,W,240,39,87,0.448,9,34,0.265,6,8,0.75,6,37,43,23,7,5,16,19,93,2,1
22018,1610612746,LAC,LA Clippers,0021800249,2018-11-20,LAC @ WAS,L,240,46,89,0.517,11,27,0.407,15,18,0.833,7,37,44,20,6,4,19,28,118,-7,1
22018,1610612764,WAS,Washington Wizards,0021800249,2018-11-20,WAS vs. LAC,W,240,40,93,0.43,13,39,0.333,32,39,0.821,11,33,44,27,11,8,7,20,125,7,1
22018,1610612757,POR,Portland Trail Blazers,0021800259,2018-11-21,POR @ MIL,L,240,34,93,0.366,9,41,0.22,23,28,0.821,10,30,40,13,8,6,17,20,100,-43,1
22018,1610612749,MIL,Milwaukee Bucks,0021800259,2018-11-21,MIL vs. POR,W,240,57,108,0.528,15,45,0.333,14,17,0.824,13,46,59,34,8,2,14,23,143,43,1
22018,1610612763,MEM,Memphis Grizzlies,0021800262,2018-11-21,MEM @ SAS,W,240,39,81,0.481,8,25,0.32,18,21,0.857,4,36,40,21,4,7,9,25,104,1,1
22018,1610612759,SAS,San Antonio Spurs,0021800262,2018-11-21,SAS vs. MEM,L,240,35,82,0.427,7,22,0.318,26,30,0.867,10,33,43,21,4,5,9,20,103,-1,1
22018,1610612755,PHI,Philadelphia 76ers,0021800253,2018-11-21,PHI vs. NOP,W,240,44,98,0.449,10,29,0.345,23,26,0.885,11,36,47,27,7,7,16,26,121,1,1
22018,1610612740,NOP,New Orleans Pelicans,0021800253,2018-11-21,NOP @ PHI,L,240,42,98,0.429,11,30,0.367,25,33,0.758,20,34,54,24,8,8,15,21,120,-1,1
22018,1610612744,GSW,Golden State Warriors,0021800264,2018-11-21,GSW vs. OKC,L,240,36,83,0.434,7,29,0.241,16,24,0.667,7,35,42,24,7,10,17,18,95,-28,2
22018,1610612760,OKC,Oklahoma City Thunder,0021800264,2018-11-21,OKC @ GSW,W,240,51,106,0.481,13,35,0.371,8,15,0.533,18,43,61,29,10,5,10,23,123,28,2
22018,1610612756,PHX,Phoenix Suns,0021800257,2018-11-21,PHX @ CHI,L,240,48,98,0.49,10,34,0.294,10,10,1.0,6,30,36,28,9,5,13,20,116,-8,1
22018,1610612741,CHI,Chicago Bulls,0021800257,2018-11-21,CHI vs. PHX,W,240,46,81,0.568,11,25,0.44,21,24,0.875,4,35,39,28,8,2,17,19,124,8,1
22018,1610612752,NYK,New York Knicks,0021800255,2018-11-21,NYK @ BOS,W,240,44,89,0.494,15,30,0.5,14,17,0.824,9,40,49,25,3,11,17,24,117,8,1
22018,1610612738,BOS,Boston Celtics,0021800255,2018-11-21,BOS vs. NYK,L,240,38,97,0.392,10,33,0.303,23,32,0.719,15,35,50,30,10,9,8,16,109,-8,1
22018,1610612745,HOU,Houston Rockets,0021800258,2018-11-21,HOU vs. DET,W,240,40,72,0.556,13,33,0.394,33,36,0.917,5,31,36,18,8,7,15,25,126,2,1
22018,1610612765,DET,Detroit Pistons,0021800258,2018-11-21,DET @ HOU,L,240,40,85,0.471,16,34,0.471,28,37,0.757,15,22,37,20,8,1,16,26,124,-2,1
22018,1610612747,LAL,Los Angeles Lakers,0021800256,2018-11-21,LAL @ CLE,W,240,40,78,0.513,9,25,0.36,20,28,0.714,7,44,51,23,2,9,15,20,109,4,1
22018,1610612739,CLE,Cleveland Cavaliers,0021800256,2018-11-21,CLE vs. LAL,L,240,39,102,0.382,13,34,0.382,14,15,0.933,15,31,46,18,3,2,3,22,105,-4,1
22018,1610612761,TOR,Toronto Raptors,0021800254,2018-11-21,TOR @ ATL,W,240,48,90,0.533,11,29,0.379,17,23,0.739,14,41,55,33,6,1,19,21,124,16,1
22018,1610612737,ATL,Atlanta Hawks,0021800254,2018-11-21,ATL vs. TOR,L,240,42,93,0.452,10,36,0.278,14,18,0.778,9,25,34,24,10,7,9,21,108,-16,1
22018,1610612742,DAL,Dallas Mavericks,0021800261,2018-11-21,DAL vs. BKN,W,240,38,78,0.487,11,27,0.407,32,41,0.78,8,37,45,21,10,3,13,20,119,6,1
22018,1610612751,BKN,Brooklyn Nets,0021800261,2018-11-21,BKN @ DAL,L,240,42,94,0.447,14,42,0.333,15,21,0.714,16,26,42,23,8,2,14,31,113,-6,1
22018,1610612762,UTA,Utah Jazz,0021800263,2018-11-21,UTA vs. SAC,L,240,38,88,0.432,12,39,0.308,22,31,0.71,12,34,46,21,7,7,10,21,110,-9,1
22018,1610612758,SAC,Sacramento Kings,0021800263,2018-11-21,SAC @ UTA,W,240,47,89,0.528,11,25,0.44,14,19,0.737,8,40,48,27,5,4,11,30,119,9,1
22018,1610612743,DEN,Denver Nuggets,0021800260,2018-11-21,DEN @ MIN,W,240,42,89,0.472,14,35,0.4,5,6,0.833,9,31,40,29,12,4,14,22,103,2,1
22018,1610612750,MIN,Minnesota Timberwolves,0021800260,2018-11-21,MIN vs. DEN,L,240,35,79,0.443,9,32,0.281,22,26,0.846,8,32,40,24,8,3,18,15,101,-2,1
22018,1610612766,CHA,Charlotte Hornets,0021800252,2018-11-21,CHA vs. IND,W,240,45,80,0.563,18,29,0.621,19,22,0.864,6,30,36,30,7,3,12,15,127,18,1
22018,1610612754,IND,Indiana Pacers,0021800252,2018-11-21,IND @ CHA,L,240,41,84,0.488,11,33,0.333,16,17,0.941,10,27,37,26,5,7,14,19,109,-18,1
22018,1610612740,NOP,New Orleans Pelicans,0021800269,2018-11-23,NOP @ NYK,L,240,40,101,0.396,7,28,0.25,22,29,0.759,20,35,55,26,5,5,14,22,109,-5,1
22018,1610612752,NYK,New York Knicks,0021800269,2018-11-23,NYK vs. NOP,W,240,41,91,0.451,12,33,0.364,20,27,0.741,12,34,46,22,9,10,9,26,114,5,1
22018,1610612755,PHI,Philadelphia 76ers,0021800270,2018-11-23,PHI vs. CLE,L,240,40,75,0.533,12,33,0.364,20,26,0.769,4,27,31,27,5,2,10,20,112,-9,1
22018,1610612739,CLE,Cleveland Cavaliers,0021800270,2018-11-23,CLE @ PHI,W,240,49,93,0.527,11,22,0.5,12,16,0.75,14,28,42,16,7,1,9,25,121,9,1
22018,1610612747,LAL,Los Angeles Lakers,0021800278,2018-11-23,LAL vs. UTA,W,240,36,79,0.456,7,23,0.304,11,18,0.611,5,42,47,10,11,5,24,20,90,7,1
22018,1610612762,UTA,Utah Jazz,0021800278,2018-11-23,UTA @ LAL,L,240,33,85,0.388,4,23,0.174,13,17,0.765,7,34,41,22,12,3,19,21,83,-7,1
22018,1610612748,MIA,Miami Heat,0021800273,2018-11-23,MIA @ CHI,W,240,37,87,0.425,10,34,0.294,19,31,0.613,10,38,48,20,10,11,14,21,103,7,1
22018,1610612741,CHI,Chicago Bulls,0021800273,2018-11-23,CHI vs. MIA,L,240,35,94,0.372,7,28,0.25,19,20,0.95,11,40,51,23,8,6,17,23,96,-7,1
22018,1610612763,MEM,Memphis Grizzlies,0021800266,2018-11-23,MEM @ LAC,L,265,42,92,0.457,9,27,0.333,14,18,0.778,6,41,47,29,6,7,17,29,107,-5,1
22018,1610612746,LAC,LA Clippers,0021800266,2018-11-23,LAC vs. MEM,W,265,40,94,0.426,8,23,0.348,24,27,0.889,8,40,48,26,6,5,11,23,112,5,1
22018,1610612751,BKN,Brooklyn Nets,0021800265,2018-11-23,BKN vs. MIN,L,240,33,79,0.418,14,45,0.311,22,26,0.846,9,37,46,26,2,4,19,22,102,-10,1
22018,1610612750,MIN,Minnesota Timberwolves,0021800265,2018-11-23,MIN @ BKN,W,240,44,92,0.478,9,25,0.36,15,17,0.882,9,29,38,25,15,4,7,20,112,10,1
22018,1610612745,HOU,Houston Rockets,0021800267,2018-11-23,HOU @ DET,L,265,41,98,0.418,10,36,0.278,19,21,0.905,17,27,44,22,6,7,14,26,111,-5,1
22018,1610612765,DET,Detroit Pistons,0021800267,2018-11-23,DET vs. HOU,W,265,40,88,0.455,7,27,0.259,29,40,0.725,14,35,49,18,11,5,14,18,116,5,1
22018,1610612744,GSW,Golden State Warriors,0021800277,2018-11-23,GSW vs. POR,W,240,48,85,0.565,17,32,0.531,12,16,0.75,6,37,43,29,11,10,15,22,125,28,1
22018,1610612757,POR,Portland Trail Blazers,0021800277,2018-11-23,POR @ GSW,L,240,38,93,0.409,9,24,0.375,12,22,0.545,12,27,39,22,9,2,13,16,97,-28,1
22018,1610612738,BOS,Boston Celtics,0021800268,2018-11-23,BOS @ ATL,W,240,42,91,0.462,13,40,0.325,17,21,0.81,7,36,43,31,11,7,16,29,114,18,1
22018,1610612737,ATL,Atlanta Hawks,0021800268,2018-11-23,ATL vs. BOS,L,240,35,81,0.432,6,35,0.171,20,29,0.69,5,35,40,22,9,7,21,26,96,-18,1
22018,1610612759,SAS,San Antonio Spurs,0021800272,2018-11-23,SAS @ IND,W,240,42,83,0.506,10,21,0.476,17,24,0.708,9,37,46,28,3,4,15,19,111,11,1
22018,1610612754,IND,Indiana Pacers,0021800272,2018-11-23,IND vs. SAS,L,240,46,99,0.465,3,24,0.125,5,9,0.556,11,34,45,31,9,2,12,22,100,-11,1
22018,1610612756,PHX,Phoenix Suns,0021800275,2018-11-23,PHX @ MIL,W,240,45,90,0.5,9,26,0.346,17,22,0.773,6,34,40,21,8,4,11,25,116,2,1
22018,1610612749,MIL,Milwaukee Bucks,0021800275,2018-11-23,MIL vs. PHX,L,240,42,87,0.483,10,44,0.227,20,30,0.667,7,36,43,30,6,7,14,17,114,-2,1
22018,1610612753,ORL,Orlando Magic,0021800276,2018-11-23,ORL @ DEN,L,240,32,79,0.405,8,32,0.25,15,19,0.789,4,33,37,24,7,2,15,19,87,-25,1
22018,1610612743,DEN,Denver Nuggets,0021800276,2018-11-23,DEN vs. ORL,W,240,44,93,0.473,9,28,0.321,15,17,0.882,12,39,51,33,10,5,11,20,112,25,1
22018,1610612761,TOR,Toronto Raptors,0021800271,2018-11-23,TOR vs. WAS,W,240,46,93,0.495,17,39,0.436,16,19,0.842,13,37,50,32,5,6,15,23,125,18,1
22018,1610612764,WAS,Washington Wizards,0021800271,2018-11-23,WAS @ TOR,L,240,40,100,0.4,9,46,0.196,18,19,0.947,14,30,44,28,8,7,13,16,107,-18,1
22018,1610612760,OKC,Oklahoma City Thunder,0021800274,2018-11-23,OKC vs. CHA,W,240,41,93,0.441,11,33,0.333,16,24,0.667,11,35,46,24,6,2,14,18,109,5,1
22018,1610612766,CHA,Charlotte Hornets,0021800274,2018-11-23,CHA @ OKC,L,240,43,94,0.457,6,31,0.194,12,14,0.857,11,35,46,24,8,5,14,21,104,-5,1
22018,1610612739,CLE,Cleveland Cavaliers,0021800279,2018-11-24,CLE vs. HOU,W,240,44,90,0.489,7,22,0.318,22,29,0.759,20,29,49,15,11,2,14,24,117,9,1
22018,1610612745,HOU,Houston Rockets,0021800279,2018-11-24,HOU @ CLE,L,240,37,74,0.5,15,39,0.385,19,28,0.679,8,23,31,18,5,4,16,19,108,-9,1
22018,1610612750,MIN,Minnesota Timberwolves,0021800281,2018-11-24,MIN vs. CHI,W,240,42,103,0.408,7,34,0.206,20,23,0.87,21,38,59,22,7,5,14,23,111,15,1
22018,1610612741,CHI,Chicago Bulls,0021800281,2018-11-24,CHI @ MIN,L,240,32,81,0.395,10,33,0.303,22,31,0.71,6,34,40,22,7,4,15,19,96,-15,1
22018,1610612758,SAC,Sacramento Kings,0021800285,2018-11-24,SAC @ GSW,L,240,42,97,0.433,11,28,0.393,21,29,0.724,13,34,47,28,6,4,8,22,116,-1,1
22018,1610612744,GSW,Golden State Warriors,0021800285,2018-11-24,GSW vs. SAC,W,240,41,88,0.466,10,34,0.294,25,29,0.862,12,42,54,28,5,6,15,24,117,1,1
22018,1610612742,DAL,Dallas Mavericks,0021800283,2018-11-24,DAL vs. BOS,W,240,42,87,0.483,16,41,0.39,13,21,0.619,13,30,43,27,12,3,16,16,113,9,1
22018,1610612738,BOS,Boston Celtics,0021800283,2018-11-24,BOS @ DAL,L,240,41,86,0.477,10,28,0.357,12,13,0.923,9,33,42,19,8,3,18,21,104,-9,1
22018,1610612759,SAS,San Antonio Spurs,0021800284,2018-11-24,SAS @ MIL,L,240,49,92,0.533,10,21,0.476,21,28,0.75,9,30,39,27,8,3,10,21,129,-6,1
22018,1610612749,MIL,Milwaukee Bucks,0021800284,2018-11-24,MIL vs. SAS,W,240,49,86,0.57,15,40,0.375,22,29,0.759,6,35,41,30,7,3,13,22,135,6,1
22018,1610612740,NOP,New Orleans Pelicans,0021800280,2018-11-24,NOP @ WAS,L,240,43,90,0.478,11,31,0.355,17,21,0.81,7,36,43,23,10,3,16,21,114,-10,1
22018,1610612764,WAS,Washington Wizards,0021800280,2018-11-24,WAS vs. NOP,W,240,51,90,0.567,10,29,0.345,12,23,0.522,5,40,45,30,12,9,15,16,124,10,1
22018,1610612760,OKC,Oklahoma City Thunder,0021800282,2018-11-24,OKC vs. DEN,L,240,37,103,0.359,9,39,0.231,15,23,0.652,19,35,54,22,9,5,10,24,98,-7,1
22018,1610612743,DEN,Denver Nuggets,0021800282,2018-11-24,DEN @ OKC,W,240,39,95,0.411,10,30,0.333,17,24,0.708,15,39,54,26,6,9,18,20,105,7,1
22018,1610612756,PHX,Phoenix Suns,0021800287,2018-11-25,PHX @ DET,L,240,42,82,0.512,8,25,0.32,15,21,0.714,10,32,42,22,6,6,17,22,107,-11,2
22018,1610612765,DET,Detroit Pistons,0021800287,2018-11-25,DET vs. PHX,W,240,43,93,0.462,16,41,0.39,16,25,0.64,13,28,41,30,9,0,13,19,118,11,2
22018,1610612747,LAL,Los Angeles Lakers,0021800286,2018-11-25,LAL vs. ORL,L,240,37,79,0.468,10,26,0.385,20,31,0.645,5,37,42,22,9,10,18,17,104,-4,1
22018,1610612753,ORL,Orlando Magic,0021800286,2018-11-25,ORL @ LAL,W,240,42,93,0.452,11,31,0.355,13,14,0.929,9,36,45,31,8,5,14,22,108,4,1
22018,1610612751,BKN,Brooklyn Nets,0021800289,2018-11-25,BKN vs. PHI,L,240,50,88,0.568,10,25,0.4,15,20,0.75,10,33,43,19,2,4,16,25,125,-2,1
22018,1610612755,PHI,Philadelphia 76ers,0021800289,2018-11-25,PHI @ BKN,W,240,44,91,0.484,12,29,0.414,27,33,0.818,13,29,42,28,9,6,9,22,127,2,1
22018,1610612757,POR,Portland Trail Blazers,0021800293,2018-11-25,POR vs. LAC,L,240,42,97,0.433,8,38,0.211,8,10,0.8,16,42,58,18,2,5,12,24,100,-4,1
22018,1610612746,LAC,LA Clippers,0021800293,2018-11-25,LAC @ POR,W,240,38,90,0.422,5,25,0.2,23,34,0.676,11,37,48,15,9,5,4,13,104,4,1
22018,1610612737,ATL,Atlanta Hawks,0021800288,2018-11-25,ATL vs. CHA,W,240,50,94,0.532,16,39,0.41,8,11,0.727,9,32,41,34,5,9,15,23,124,1,1
22018,1610612766,CHA,Charlotte Hornets,0021800288,2018-11-25,CHA @ ATL,L,240,41,92,0.446,18,45,0.4,23,28,0.821,10,32,42,30,8,4,12,15,123,-1,1
22018,1610612758,SAC,Sacramento Kings,0021800292,2018-11-25,SAC vs. UTA,L,240,40,85,0.471,9,23,0.391,23,31,0.742,7,29,36,20,10,7,17,25,112,-21,1
22018,1610612762,UTA,Utah Jazz,0021800292,2018-11-25,UTA @ SAC,W,240,49,92,0.533,10,30,0.333,25,33,0.758,13,36,49,30,11,5,19,26,133,21,1
22018,1610612761,TOR,Toronto Raptors,0021800290,2018-11-25,TOR vs. MIA,W,240,47,90,0.522,11,35,0.314,20,25,0.8,11,36,47,25,4,7,11,21,125,10,1
22018,1610612748,MIA,Miami Heat,0021800290,2018-11-25,MIA @ TOR,L,240,39,95,0.411,15,36,0.417,22,32,0.688,17,29,46,21,6,5,7,22,115,-10,1
22018,1610612763,MEM,Memphis Grizzlies,0021800291,2018-11-25,MEM vs. NYK,L,240,38,86,0.442,11,30,0.367,11,19,0.579,6,35,41,27,5,19,8,23,98,-5,1
22018,1610612752,NYK,New York Knicks,0021800291,2018-11-25,NYK @ MEM,W,240,34,91,0.374,8,22,0.364,27,32,0.844,14,42,56,17,4,5,10,21,103,5,1
22018,1610612754,IND,Indiana Pacers,0021800299,2018-11-26,IND @ UTA,W,240,49,84,0.583,9,18,0.5,14,17,0.824,4,35,39,33,13,4,16,17,121,33,1
22018,1610612762,UTA,Utah Jazz,0021800299,2018-11-26,UTA vs. IND,L,240,34,81,0.42,8,31,0.258,12,17,0.706,10,28,38,25,10,4,19,17,88,-33,1
22018,1610612745,HOU,Houston Rockets,0021800296,2018-11-26,HOU @ WAS,L,265,46,97,0.474,18,48,0.375,21,27,0.778,18,30,48,22,8,5,21,31,131,-4,1
22018,1610612764,WAS,Washington Wizards,0021800296,2018-11-26,WAS vs. HOU,W,265,50,89,0.562,11,29,0.379,24,32,0.75,9,29,38,29,7,7,13,29,135,4,1
22018,1610612753,ORL,Orlando Magic,0021800300,2018-11-26,ORL @ GSW,L,240,40,90,0.444,14,30,0.467,16,21,0.762,6,28,34,28,11,2,11,21,110,-6,1
22018,1610612744,GSW,Golden State Warriors,0021800300,2018-11-26,GSW vs. ORL,W,240,41,84,0.488,13,35,0.371,21,23,0.913,10,36,46,21,8,7,15,19,116,6,1
22018,1610612766,CHA,Charlotte Hornets,0021800294,2018-11-26,CHA vs. MIL,W,240,38,81,0.469,13,29,0.448,21,30,0.7,5,39,44,21,9,5,11,22,110,3,1
22018,1610612749,MIL,Milwaukee Bucks,0021800294,2018-11-26,MIL @ CHA,L,240,37,90,0.411,16,46,0.348,17,21,0.81,10,38,48,25,7,5,16,22,107,-3,1
22018,1610612739,CLE,Cleveland Cavaliers,0021800295,2018-11-26,CLE vs. MIN,L,240,36,86,0.419,10,31,0.323,13,14,0.929,9,31,40,24,4,3,17,18,95,-7,1
22018,1610612750,MIN,Minnesota Timberwolves,0021800295,2018-11-26,MIN @ CLE,W,240,40,86,0.465,8,26,0.308,14,19,0.737,8,31,39,18,8,8,9,18,102,7,1
22018,1610612759,SAS,San Antonio Spurs,0021800297,2018-11-26,SAS @ CHI,W,240,45,93,0.484,10,30,0.333,8,9,0.889,7,39,46,29,7,2,10,16,108,1,1
22018,1610612741,CHI,Chicago Bulls,0021800297,2018-11-26,CHI vs. SAS,L,240,42,90,0.467,14,33,0.424,9,11,0.818,5,38,43,23,6,5,12,12,107,-1,1
22018,1610612738,BOS,Boston Celtics,0021800298,2018-11-26,BOS @ NOP,W,240,48,97,0.495,19,39,0.487,9,10,0.9,14,28,42,27,14,4,15,25,124,17,1
22018,1610612740,NOP,New Orleans Pelicans,0021800298,2018-11-26,NOP vs. BOS,L,240,34,77,0.442,12,32,0.375,27,29,0.931,9,31,40,21,8,5,22,20,107,-17,1
22018,1610612748,MIA,Miami Heat,0021800302,2018-11-27,MIA vs. ATL,L,240,40,87,0.46,13,38,0.342,20,30,0.667,11,32,43,22,20,3,20,25,113,-2,1
22018,1610612737,ATL,Atlanta Hawks,0021800302,2018-11-27,ATL @ MIA,W,240,38,80,0.475,12,31,0.387,27,32,0.844,10,36,46,22,13,7,24,24,115,2,1
22018,1610612763,MEM,Memphis Grizzlies,0021800303,2018-11-27,MEM vs. TOR,L,240,43,85,0.506,10,29,0.345,18,21,0.857,11,24,35,27,9,5,15,23,114,-8,1
22018,1610612761,TOR,Toronto Raptors,0021800303,2018-11-27,TOR @ MEM,W,240,42,69,0.609,18,33,0.545,20,28,0.714,4,27,31,25,5,5,15,18,122,8,1
22018,1610612743,DEN,Denver Nuggets,0021800304,2018-11-27,DEN vs. LAL,W,240,47,97,0.485,9,25,0.36,14,15,0.933,16,44,60,28,7,4,12,17,117,32,1
22018,1610612747,LAL,Los Angeles Lakers,0021800304,2018-11-27,LAL @ DEN,L,240,34,87,0.391,5,35,0.143,12,18,0.667,8,31,39,19,5,8,12,19,85,-32,1
22018,1610612756,PHX,Phoenix Suns,0021800305,2018-11-27,PHX vs. IND,L,240,41,92,0.446,10,30,0.333,12,18,0.667,12,33,45,20,8,6,9,17,104,-5,1
22018,1610612754,IND,Indiana Pacers,0021800305,2018-11-27,IND @ PHX,W,240,38,90,0.422,11,26,0.423,22,29,0.759,17,38,55,25,8,6,12,13,109,5,1
22018,1610612765,DET,Detroit Pistons,0021800301,2018-11-27,DET vs. NYK,W,240,38,80,0.475,7,24,0.292,32,45,0.711,7,41,48,20,5,7,13,26,115,7,1
22018,1610612752,NYK,New York Knicks,0021800301,2018-11-27,NYK @ DET,L,240,36,91,0.396,9,27,0.333,27,32,0.844,13,37,50,16,5,5,13,31,108,-7,1
22018,1610612737,ATL,Atlanta Hawks,0021800306,2018-11-28,ATL @ CHA,L,240,32,93,0.344,11,44,0.25,19,22,0.864,16,38,54,20,11,8,19,25,94,-14,1
22018,1610612766,CHA,Charlotte Hornets,0021800306,2018-11-28,CHA vs. ATL,W,240,38,83,0.458,4,20,0.2,28,37,0.757,5,39,44,20,15,5,14,21,108,14,1
22018,1610612755,PHI,Philadelphia 76ers,0021800307,2018-11-28,PHI vs. NYK,W,240,47,87,0.54,12,25,0.48,11,16,0.688,8,42,50,34,7,5,16,19,117,26,1
22018,1610612752,NYK,New York Knicks,0021800307,2018-11-28,NYK @ PHI,L,240,32,92,0.348,6,29,0.207,21,22,0.955,11,30,41,14,11,5,15,21,91,-26,1
22018,1610612762,UTA,Utah Jazz,0021800308,2018-11-28,UTA @ BKN,W,240,39,82,0.476,9,28,0.321,14,21,0.667,8,40,48,17,10,6,19,25,101,10,1
22018,1610612751,BKN,Brooklyn Nets,0021800308,2018-11-28,BKN vs. UTA,L,240,30,86,0.349,11,30,0.367,20,28,0.714,14,34,48,11,12,5,20,20,91,-10,1
22018,1610612740,NOP,New Orleans Pelicans,0021800312,2018-11-28,NOP vs. WAS,W,240,46,95,0.484,11,36,0.306,22,28,0.786,17,47,64,24,10,5,20,20,125,21,1
22018,1610612764,WAS,Washington Wizards,0021800312,2018-11-28,WAS @ NOP,L,240,41,95,0.432,13,39,0.333,9,16,0.563,12,26,38,26,12,2,16,22,104,-21,1
22018,1610612739,CLE,Cleveland Cavaliers,0021800313,2018-11-28,CLE @ OKC,L,240,35,89,0.393,9,23,0.391,4,9,0.444,7,36,43,20,4,1,14,19,83,-17,1
22018,1610612760,OKC,Oklahoma City Thunder,0021800313,2018-11-28,OKC vs. CLE,W,240,41,86,0.477,6,27,0.222,12,15,0.8,8,42,50,25,5,11,13,18,100,17,1
22018,1610612745,HOU,Houston Rockets,0021800309,2018-11-28,HOU vs. DAL,L,240,40,87,0.46,13,45,0.289,15,23,0.652,15,23,38,28,10,5,18,26,108,-20,1
22018,1610612742,DAL,Dallas Mavericks,0021800309,2018-11-28,DAL @ HOU,W,240,46,85,0.541,17,34,0.5,19,24,0.792,10,27,37,27,10,7,15,17,128,20,1
22018,1610612749,MIL,Milwaukee Bucks,0021800310,2018-11-28,MIL vs. CHI,W,240,43,87,0.494,12,35,0.343,18,24,0.75,8,40,48,29,6,8,12,23,116,3,1
22018,1610612741,CHI,Chicago Bulls,0021800310,2018-11-28,CHI @ MIL,L,240,40,89,0.449,11,37,0.297,22,29,0.759,9,36,45,28,9,3,11,23,113,-3,1
22018,1610612753,ORL,Orlando Magic,0021800314,2018-11-28,ORL @ POR,L,240,42,81,0.519,14,30,0.467,14,15,0.933,3,34,37,28,3,8,15,20,112,-3,1
22018,1610612757,POR,Portland Trail Blazers,0021800314,2018-11-28,POR vs. ORL,W,240,37,85,0.435,19,39,0.487,22,32,0.688,13,34,47,24,8,1,12,17,115,3,1
22018,1610612746,LAC,LA Clippers,0021800315,2018-11-28,LAC vs. PHX,W,240,40,86,0.465,11,21,0.524,24,32,0.75,18,38,56,21,6,7,21,17,115,16,1
22018,1610612756,PHX,Phoenix Suns,0021800315,2018-11-28,PHX @ LAC,L,240,39,89,0.438,8,26,0.308,13,18,0.722,7,27,34,20,17,6,17,24,99,-16,1
22018,1610612750,MIN,Minnesota Timberwolves,0021800311,2018-11-28,MIN vs. SAS,W,240,50,99,0.505,18,41,0.439,10,15,0.667,13,35,48,33,12,6,9,18,128,39,1
22018,1610612759,SAS,San Antonio Spurs,0021800311,2018-11-28,SAS @ MIN,L,240,34,87,0.391,8,27,0.296,13,13,1.0,12,34,46,23,1,8,19,17,89,-39,1
22018,1610612761,TOR,Toronto Raptors,0021800316,2018-11-29,TOR vs. GSW,W,265,47,90,0.522,15,38,0.395,22,24,0.917,7,30,37,25,5,6,15,23,131,3,1
22018,1610612744,GSW,Golden State Warriors,0021800316,2018-11-29,GSW @ TOR,L,265,50,103,0.485,11,30,0.367,17,20,0.85,17,29,46,27,6,5,15,22,128,-3,1
22018,1610612754,IND,Indiana Pacers,0021800317,2018-11-29,IND @ LAL,L,240,32,86,0.372,10,23,0.435,22,27,0.815,10,34,44,23,14,4,17,22,96,-8,1
22018,1610612747,LAL,Los Angeles Lakers,0021800317,2018-11-29,LAL vs. IND,W,240,42,86,0.488,7,24,0.292,13,23,0.565,11,39,50,25,8,11,18,23,104,8,1
22018,1610612746,LAC,LA Clippers,0021800318,2018-11-29,LAC @ SAC,W,240,50,90,0.556,12,28,0.429,21,28,0.75,8,30,38,25,7,5,10,21,133,12,1
22018,1610612758,SAC,Sacramento Kings,0021800318,2018-11-29,SAC vs. LAC,L,240,46,96,0.479,7,24,0.292,22,26,0.846,16,32,48,26,4,2,11,25,121,-12,1
22018,1610612762,UTA,Utah Jazz,0021800320,2018-11-30,UTA @ CHA,W,240,44,81,0.543,18,40,0.45,13,18,0.722,6,35,41,32,5,5,14,13,119,8,1
22018,1610612766,CHA,Charlotte Hornets,0021800320,2018-11-30,CHA vs. UTA,L,240,47,95,0.495,9,28,0.321,8,13,0.615,7,31,38,19,8,3,8,17,111,-8,1
22018,1610612739,CLE,Cleveland Cavaliers,0021800319,2018-11-30,CLE @ BOS,L,240,30,77,0.39,7,22,0.318,28,35,0.8,9,27,36,18,5,1,13,21,95,-33,1
22018,1610612738,BOS,Boston Celtics,0021800319,2018-11-30,BOS vs. CLE,W,240,49,92,0.533,17,31,0.548,13,16,0.813,12,35,47,30,4,4,10,27,128,33,1
22018,1610612755,PHI,Philadelphia 76ers,0021800322,2018-11-30,PHI vs. WAS,W,240,43,98,0.439,12,38,0.316,25,33,0.758,17,41,58,28,11,7,12,17,123,25,1
22018,1610612764,WAS,Washington Wizards,0021800322,2018-11-30,WAS @ PHI,L,240,37,92,0.402,8,28,0.286,16,19,0.842,8,34,42,22,10,4,16,20,98,-25,1
22018,1610612765,DET,Detroit Pistons,0021800321,2018-11-30,DET vs. CHI,W,240,41,92,0.446,13,34,0.382,12,16,0.75,13,39,52,24,5,5,13,17,107,19,1
22018,1610612741,CHI,Chicago Bulls,0021800321,2018-11-30,CHI @ DET,L,240,37,86,0.43,3,21,0.143,11,14,0.786,7,33,40,25,5,7,15,20,88,-19,1
22018,1610612759,SAS,San Antonio Spurs,0021800326,2018-11-30,SAS vs. HOU,,120,24,53,0.453,6,16,0.375,8,10,0.8,5,18,23,14,1,3,10,11,62,-31,0
22018,1610612745,HOU,Houston Rockets,0021800326,2018-11-30,HOU @ SAS,,120,34,64,0.531,13,31,0.419,12,14,0.857,8,22,30,22,8,4,1,15,93,31,0
22018,1610612751,BKN,Brooklyn Nets,0021800323,2018-11-30,BKN vs. MEM,,180,38,75,0.507,14,36,0.389,21,26,0.808,9,32,41,25,7,4,17,20,111,3,0
22018,1610612763,MEM,Memphis Grizzlies,0021800323,2018-11-30,MEM @ BKN,,180,43,86,0.5,11,25,0.44,11,13,0.846,10,24,34,26,8,4,15,20,108,-3,0
22018,1610612740,NOP,New Orleans Pelicans,0021800324,2018-11-30,NOP @ MIA,,120,27,61,0.443,5,19,0.263,16,18,0.889,8,24,32,20,4,7,13,16,75,-4,0
22018,1610612748,MIA,Miami Heat,0021800324,2018-11-30,MIA vs. NOP,,120,29,66,0.439,7,22,0.318,14,21,0.667,11,24,35,14,9,4,12,15,79,4,0
22018,1610612760,OKC,Oklahoma City Thunder,0021800325,2018-11-30,OKC vs. ATL,,120,32,65,0.492,13,32,0.406,14,14,1.0,6,33,39,19,9,5,15,15,91,17,0
22018,1610612737,ATL,Atlanta Hawks,0021800325,2018-11-30,ATL @ OKC,,120,30,71,0.423,8,27,0.296,6,10,0.6,7,23,30,17,9,3,14,11,74,-17,0
22018,1610612753,ORL,Orlando Magic,0021800327,2018-11-30,ORL @ PHX,,60,14,33,0.424,4,10,0.4,6,9,0.667,5,13,18,6,2,2,5,5,38,4,0
22018,1610612756,PHX,Phoenix Suns,0021800327,2018-11-30,PHX vs. ORL,,60,14,30,0.467,2,8,0.25,4,5,0.8,1,12,13,11,3,0,4,8,34,-4,0
